#
# There is insufficient memory for the Java Runtime Environment to continue.
# Native memory allocation (malloc) failed to allocate 32744 bytes. Error detail: Chunk::new
# Possible reasons:
#   The system is out of physical RAM or swap space
#   This process is running with CompressedOops enabled, and the Java Heap may be blocking the growth of the native heap
# Possible solutions:
#   Reduce memory load on the system
#   Increase physical memory or swap space
#   Check if swap backing store is full
#   Decrease Java heap size (-Xmx/-Xms)
#   Decrease number of Java threads
#   Decrease Java thread stack sizes (-Xss)
#   Set larger code cache with -XX:ReservedCodeCacheSize=
#   JVM is running with Unscaled Compressed Oops mode in which the Java heap is
#     placed in the first 4GB address space. The Java Heap base address is the
#     maximum limit for the native heap growth. Please use -XX:HeapBaseMinAddress
#     to set the Java Heap base and to place the Java Heap above 4GB virtual address.
# This output file may be truncated or incomplete.
#
#  Out of Memory Error (arena.cpp:168), pid=4208, tid=11716
#
# JRE version: OpenJDK Runtime Environment (21.0.4) (build 21.0.4+-12508038-b607.1)
# Java VM: OpenJDK 64-Bit Server VM (21.0.4+-12508038-b607.1, mixed mode, tiered, compressed oops, compressed class ptrs, g1 gc, windows-amd64)
# No core dump will be written. Minidumps are not enabled by default on client versions of Windows
#

---------------  S U M M A R Y ------------

Command Line: --add-opens=java.base/java.util=ALL-UNNAMED --add-opens=java.base/java.lang=ALL-UNNAMED --add-opens=java.base/java.lang.invoke=ALL-UNNAMED --add-opens=java.prefs/java.util.prefs=ALL-UNNAMED --add-exports=jdk.compiler/com.sun.tools.javac.api=ALL-UNNAMED --add-exports=jdk.compiler/com.sun.tools.javac.util=ALL-UNNAMED --add-opens=java.base/java.nio.charset=ALL-UNNAMED --add-opens=java.base/java.net=ALL-UNNAMED --add-opens=java.base/java.util.concurrent.atomic=ALL-UNNAMED -Xmx2048m -Dfile.encoding=UTF-8 -Duser.country=US -Duser.language=en -Duser.variant -javaagent:C:\Users\Hilzam\.gradle\wrapper\dists\gradle-8.10.2-bin\a04bxjujx95o3nb99gddekhwo\gradle-8.10.2\lib\agents\gradle-instrumentation-agent-8.10.2.jar org.gradle.launcher.daemon.bootstrap.GradleDaemon 8.10.2

Host: Intel(R) Core(TM) i5-1035G1 CPU @ 1.00GHz, 8 cores, 7G,  Windows 11 , 64 bit Build 22621 (10.0.22621.4974)
Time: Wed Mar 19 07:11:39 2025 SE Asia Standard Time elapsed time: 861.720249 seconds (0d 0h 14m 21s)

---------------  T H R E A D  ---------------

Current thread (0x00000208a10d4e40):  JavaThread "C2 CompilerThread0" daemon [_thread_in_native, id=11716, stack(0x0000006f1b200000,0x0000006f1b300000) (1024K)]


Current CompileTask:
C2: 861720 22703       4       com.android.tools.r8.internal.Um::a (3278 bytes)

Stack: [0x0000006f1b200000,0x0000006f1b300000]
Native frames: (J=compiled Java code, j=interpreted, Vv=VM code, C=native code)
V  [jvm.dll+0x6ce539]
V  [jvm.dll+0x85bf03]
V  [jvm.dll+0x85e45e]
V  [jvm.dll+0x85eb43]
V  [jvm.dll+0x27dd06]
V  [jvm.dll+0xbf9cd]
V  [jvm.dll+0xbff03]
V  [jvm.dll+0xbfaf5]
V  [jvm.dll+0x6abb9c]
V  [jvm.dll+0x381d4f]
V  [jvm.dll+0x383309]
V  [jvm.dll+0x380cfa]
V  [jvm.dll+0x38037a]
V  [jvm.dll+0x2473f2]
V  [jvm.dll+0x2469c1]
V  [jvm.dll+0x1c58a4]
V  [jvm.dll+0x255fec]
V  [jvm.dll+0x254536]
V  [jvm.dll+0x3efab6]
V  [jvm.dll+0x804418]
V  [jvm.dll+0x6cce0d]
C  [ucrtbase.dll+0x29333]
C  [KERNEL32.DLL+0x1259d]
C  [ntdll.dll+0x5af38]


---------------  P R O C E S S  ---------------

Threads class SMR info:
_java_thread_list=0x00000208a9f27ea0, length=156, elements={
0x000002088787d4b0, 0x00000208a10c1b40, 0x00000208a10c2410, 0x00000208a10dfb50,
0x00000208a10e3340, 0x00000208a10e3dc0, 0x00000208a10e4430, 0x00000208a10d4e40,
0x00000208a10d6f70, 0x00000208a1203140, 0x00000208a13fb8e0, 0x00000208a71087e0,
0x00000208a6ff00e0, 0x00000208a711a7d0, 0x00000208a73f0170, 0x00000208a73f0e90,
0x00000208a73ee730, 0x00000208a1695ef0, 0x00000208a1696580, 0x00000208a169c7f0,
0x00000208a1697930, 0x00000208a169c160, 0x00000208a1698650, 0x00000208a1698ce0,
0x00000208a1696c10, 0x00000208a169a720, 0x00000208a169bad0, 0x00000208a169adb0,
0x00000208a9b305c0, 0x00000208aa2ef3f0, 0x00000208b09e3ae0, 0x00000208a911bae0,
0x00000208a73ef450, 0x00000208a73efae0, 0x00000208a73f0800, 0x00000208a73f1520,
0x00000208b09d9040, 0x00000208b09d6f70, 0x00000208b09d9d60, 0x00000208b09d68e0,
0x00000208b09d7600, 0x00000208b09d8320, 0x00000208b09db7a0, 0x00000208b09d89b0,
0x00000208b09da3f0, 0x00000208b09d6250, 0x00000208b09e0660, 0x00000208b09df940,
0x00000208b09daa80, 0x00000208b09e0cf0, 0x00000208b09dec20, 0x00000208b09e1380,
0x00000208b09e1a10, 0x00000208b09ddf00, 0x00000208b09db110, 0x00000208b09e2730,
0x00000208b09e2dc0, 0x00000208b09dd870, 0x00000208b09dc4c0, 0x00000208b09de590,
0x00000208b09dbe30, 0x00000208b09e3450, 0x00000208b09df2b0, 0x00000208b09dcb50,
0x00000208b09e5520, 0x00000208b09e4170, 0x00000208b09e4e90, 0x00000208aa2fd080,
0x00000208aa2fb640, 0x00000208aa2feac0, 0x00000208aa2fdda0, 0x00000208aa301220,
0x00000208aa2ff7e0, 0x00000208aa2ff150, 0x00000208aa300500, 0x00000208aa2fd710,
0x00000208aa2fbcd0, 0x00000208aa2ffe70, 0x00000208aa301f40, 0x00000208aa2fafb0,
0x00000208aa300b90, 0x00000208aa3025d0, 0x00000208aa2fc360, 0x00000208aa2fc9f0,
0x00000208a9118660, 0x00000208a9118cf0, 0x00000208b3146870, 0x00000208b31461e0,
0x00000208b3143a80, 0x00000208b3145b50, 0x00000208b31454c0, 0x00000208b3144110,
0x00000208b3144e30, 0x00000208b3140c90, 0x00000208b0c6c7c0, 0x00000208b0c68cb0,
0x00000208b0c65830, 0x00000208b0c6fc40, 0x00000208b0c70960, 0x00000208b0c72a30,
0x00000208b0c730c0, 0x00000208b0c723a0, 0x00000208b0c73750, 0x00000208b0c6e890,
0x00000208b0c70ff0, 0x00000208b0c6ef20, 0x00000208b0c6ce50, 0x00000208b0c6d4e0,
0x00000208b0c66be0, 0x00000208b0c67270, 0x00000208b0c6a060, 0x00000208b0c65ec0,
0x00000208b0c68620, 0x00000208b0c67900, 0x00000208b0c6a6f0, 0x00000208b0c66550,
0x00000208b0c6ad80, 0x00000208b0c6b410, 0x00000208b0c67f90, 0x00000208b0c6baa0,
0x00000208b0c64b10, 0x00000208b0c651a0, 0x00000208b0c702d0, 0x00000208b0c73de0,
0x00000208b0c71680, 0x00000208b0c6db70, 0x00000208b0c6e200, 0x00000208b0c71d10,
0x00000208b3148940, 0x00000208b31419b0, 0x00000208b3148fd0, 0x00000208b3142040,
0x00000208b3149660, 0x00000208b31426d0, 0x00000208b3149cf0, 0x00000208b314a380,
0x00000208b314aa10, 0x00000208b314d170, 0x00000208b314b0a0, 0x00000208b314bdc0,
0x00000208b314cae0, 0x00000208b314b730, 0x00000208b314c450, 0x00000208b314de90,
0x00000208b314e520, 0x00000208b314ebb0, 0x00000208aa2ebf70, 0x00000208b0892fb0,
0x00000208b0893640, 0x00000208b08949f0, 0x00000208b0891570, 0x00000208b0891c00,
0x00000208b0892290, 0x00000208b0893cd0, 0x00000208b088fb30, 0x00000208a7313710
}

Java Threads: ( => current thread )
  0x000002088787d4b0 JavaThread "main"                              [_thread_blocked, id=18960, stack(0x0000006f1a400000,0x0000006f1a500000) (1024K)]
  0x00000208a10c1b40 JavaThread "Reference Handler"          daemon [_thread_blocked, id=1240, stack(0x0000006f1ac00000,0x0000006f1ad00000) (1024K)]
  0x00000208a10c2410 JavaThread "Finalizer"                  daemon [_thread_blocked, id=8172, stack(0x0000006f1ad00000,0x0000006f1ae00000) (1024K)]
  0x00000208a10dfb50 JavaThread "Signal Dispatcher"          daemon [_thread_blocked, id=5812, stack(0x0000006f1ae00000,0x0000006f1af00000) (1024K)]
  0x00000208a10e3340 JavaThread "Attach Listener"            daemon [_thread_blocked, id=19156, stack(0x0000006f1af00000,0x0000006f1b000000) (1024K)]
  0x00000208a10e3dc0 JavaThread "Service Thread"             daemon [_thread_blocked, id=17756, stack(0x0000006f1b000000,0x0000006f1b100000) (1024K)]
  0x00000208a10e4430 JavaThread "Monitor Deflation Thread"   daemon [_thread_blocked, id=8176, stack(0x0000006f1b100000,0x0000006f1b200000) (1024K)]
=>0x00000208a10d4e40 JavaThread "C2 CompilerThread0"         daemon [_thread_in_native, id=11716, stack(0x0000006f1b200000,0x0000006f1b300000) (1024K)]
  0x00000208a10d6f70 JavaThread "C1 CompilerThread0"         daemon [_thread_blocked, id=16576, stack(0x0000006f1b300000,0x0000006f1b400000) (1024K)]
  0x00000208a1203140 JavaThread "Common-Cleaner"             daemon [_thread_blocked, id=12192, stack(0x0000006f1b400000,0x0000006f1b500000) (1024K)]
  0x00000208a13fb8e0 JavaThread "Notification Thread"        daemon [_thread_blocked, id=9276, stack(0x0000006f1b500000,0x0000006f1b600000) (1024K)]
  0x00000208a71087e0 JavaThread "Daemon health stats"               [_thread_blocked, id=19072, stack(0x0000006f1bc00000,0x0000006f1bd00000) (1024K)]
  0x00000208a6ff00e0 JavaThread "Incoming local TCP Connector on port 50688"        [_thread_in_native, id=17388, stack(0x0000006f1ba00000,0x0000006f1bb00000) (1024K)]
  0x00000208a711a7d0 JavaThread "Daemon periodic checks"            [_thread_blocked, id=3116, stack(0x0000006f1bd00000,0x0000006f1be00000) (1024K)]
  0x00000208a73f0170 JavaThread "Cache worker for journal cache (C:\Users\Hilzam\.gradle\caches\journal-1)"        [_thread_blocked, id=19032, stack(0x0000006f1c800000,0x0000006f1c900000) (1024K)]
  0x00000208a73f0e90 JavaThread "File lock request listener"        [_thread_in_native, id=11948, stack(0x0000006f1c900000,0x0000006f1ca00000) (1024K)]
  0x00000208a73ee730 JavaThread "Cache worker for file hash cache (C:\Users\Hilzam\.gradle\caches\8.10.2\fileHashes)"        [_thread_blocked, id=19080, stack(0x0000006f1ca00000,0x0000006f1cb00000) (1024K)]
  0x00000208a1695ef0 JavaThread "File watcher server"        daemon [_thread_blocked, id=10836, stack(0x0000006f1cd00000,0x0000006f1ce00000) (1024K)]
  0x00000208a1696580 JavaThread "File watcher consumer"      daemon [_thread_blocked, id=14388, stack(0x0000006f1ce00000,0x0000006f1cf00000) (1024K)]
  0x00000208a169c7f0 JavaThread "jar transforms"                    [_thread_blocked, id=5580, stack(0x0000006f1cf00000,0x0000006f1d000000) (1024K)]
  0x00000208a1697930 JavaThread "jar transforms Thread 2"           [_thread_blocked, id=10332, stack(0x0000006f1d000000,0x0000006f1d100000) (1024K)]
  0x00000208a169c160 JavaThread "jar transforms Thread 3"           [_thread_blocked, id=7112, stack(0x0000006f1d100000,0x0000006f1d200000) (1024K)]
  0x00000208a1698650 JavaThread "jar transforms Thread 4"           [_thread_blocked, id=14916, stack(0x0000006f1d200000,0x0000006f1d300000) (1024K)]
  0x00000208a1698ce0 JavaThread "jar transforms Thread 5"           [_thread_blocked, id=11676, stack(0x0000006f1d300000,0x0000006f1d400000) (1024K)]
  0x00000208a1696c10 JavaThread "jar transforms Thread 6"           [_thread_blocked, id=14472, stack(0x0000006f1d400000,0x0000006f1d500000) (1024K)]
  0x00000208a169a720 JavaThread "jar transforms Thread 7"           [_thread_blocked, id=8432, stack(0x0000006f1d500000,0x0000006f1d600000) (1024K)]
  0x00000208a169bad0 JavaThread "jar transforms Thread 8"           [_thread_blocked, id=4108, stack(0x0000006f1d600000,0x0000006f1d700000) (1024K)]
  0x00000208a169adb0 JavaThread "Cache worker for file content cache (C:\Users\Hilzam\.gradle\caches\8.10.2\fileContent)"        [_thread_blocked, id=13828, stack(0x0000006f1d800000,0x0000006f1d900000) (1024K)]
  0x00000208a9b305c0 JavaThread "Memory manager"                    [_thread_blocked, id=3736, stack(0x0000006f20200000,0x0000006f20300000) (1024K)]
  0x00000208aa2ef3f0 JavaThread "pool-3-thread-1"                   [_thread_blocked, id=7796, stack(0x0000006f20300000,0x0000006f20400000) (1024K)]
  0x00000208b09e3ae0 JavaThread "pool-6-thread-1"                   [_thread_blocked, id=7724, stack(0x0000006f1eb00000,0x0000006f1ec00000) (1024K)]
  0x00000208a911bae0 JavaThread "pool-9-thread-1"                   [_thread_blocked, id=18872, stack(0x0000006f1f200000,0x0000006f1f300000) (1024K)]
  0x00000208a73ef450 JavaThread "Daemon Thread 6"                   [_thread_blocked, id=10196, stack(0x0000006f1a100000,0x0000006f1a200000) (1024K)]
  0x00000208a73efae0 JavaThread "Handler for socket connection from /127.0.0.1:50688 to /127.0.0.1:50872"        [_thread_in_native, id=7320, stack(0x0000006f1a200000,0x0000006f1a300000) (1024K)]
  0x00000208a73f0800 JavaThread "Cancel handler"                    [_thread_blocked, id=8260, stack(0x0000006f1a300000,0x0000006f1a400000) (1024K)]
  0x00000208a73f1520 JavaThread "Daemon worker Thread 4"            [_thread_blocked, id=7284, stack(0x0000006f1be00000,0x0000006f1bf00000) (1024K)]
  0x00000208b09d9040 JavaThread "Asynchronous log dispatcher for DefaultDaemonConnection: socket connection from /127.0.0.1:50688 to /127.0.0.1:50872"        [_thread_blocked, id=18796, stack(0x0000006f1bf00000,0x0000006f1c000000) (1024K)]
  0x00000208b09d6f70 JavaThread "Stdin handler"                     [_thread_blocked, id=17596, stack(0x0000006f1c000000,0x0000006f1c100000) (1024K)]
  0x00000208b09d9d60 JavaThread "Daemon client event forwarder"        [_thread_blocked, id=6844, stack(0x0000006f1c100000,0x0000006f1c200000) (1024K)]
  0x00000208b09d68e0 JavaThread "Cache worker for file hash cache (D:\Kuliah Bisdig\Semester 4\Programming App Mobile\revisifoodcostly\.gradle\8.10.2\fileHashes)"        [_thread_blocked, id=18884, stack(0x0000006f1c200000,0x0000006f1c300000) (1024K)]
  0x00000208b09d7600 JavaThread "Cache worker for Build Output Cleanup Cache (D:\Kuliah Bisdig\Semester 4\Programming App Mobile\revisifoodcostly\.gradle\buildOutputCleanup)"        [_thread_blocked, id=15096, stack(0x0000006f1c300000,0x0000006f1c400000) (1024K)]
  0x00000208b09d8320 JavaThread "Cache worker for checksums cache (D:\Kuliah Bisdig\Semester 4\Programming App Mobile\revisifoodcostly\.gradle\8.10.2\checksums)"        [_thread_blocked, id=8596, stack(0x0000006f1c400000,0x0000006f1c500000) (1024K)]
  0x00000208b09db7a0 JavaThread "Cache worker for cache directory md-rule (C:\Users\Hilzam\.gradle\caches\8.10.2\md-rule)"        [_thread_blocked, id=3024, stack(0x0000006f1cb00000,0x0000006f1cc00000) (1024K)]
  0x00000208b09d89b0 JavaThread "Cache worker for cache directory md-supplier (C:\Users\Hilzam\.gradle\caches\8.10.2\md-supplier)"        [_thread_blocked, id=6024, stack(0x0000006f1cc00000,0x0000006f1cd00000) (1024K)]
  0x00000208b09da3f0 JavaThread "Unconstrained build operations"        [_thread_blocked, id=1804, stack(0x0000006f1d900000,0x0000006f1da00000) (1024K)]
  0x00000208b09d6250 JavaThread "Unconstrained build operations Thread 2"        [_thread_blocked, id=4900, stack(0x0000006f1da00000,0x0000006f1db00000) (1024K)]
  0x00000208b09e0660 JavaThread "Unconstrained build operations Thread 3"        [_thread_blocked, id=14080, stack(0x0000006f1db00000,0x0000006f1dc00000) (1024K)]
  0x00000208b09df940 JavaThread "Unconstrained build operations Thread 4"        [_thread_blocked, id=13232, stack(0x0000006f1dc00000,0x0000006f1dd00000) (1024K)]
  0x00000208b09daa80 JavaThread "Unconstrained build operations Thread 5"        [_thread_blocked, id=19004, stack(0x0000006f1dd00000,0x0000006f1de00000) (1024K)]
  0x00000208b09e0cf0 JavaThread "Unconstrained build operations Thread 6"        [_thread_blocked, id=9352, stack(0x0000006f1de00000,0x0000006f1df00000) (1024K)]
  0x00000208b09dec20 JavaThread "Unconstrained build operations Thread 7"        [_thread_blocked, id=6312, stack(0x0000006f1df00000,0x0000006f1e000000) (1024K)]
  0x00000208b09e1380 JavaThread "Unconstrained build operations Thread 8"        [_thread_blocked, id=17468, stack(0x0000006f1e000000,0x0000006f1e100000) (1024K)]
  0x00000208b09e1a10 JavaThread "Unconstrained build operations Thread 9"        [_thread_blocked, id=8992, stack(0x0000006f1e100000,0x0000006f1e200000) (1024K)]
  0x00000208b09ddf00 JavaThread "Unconstrained build operations Thread 10"        [_thread_blocked, id=18356, stack(0x0000006f1e200000,0x0000006f1e300000) (1024K)]
  0x00000208b09db110 JavaThread "Unconstrained build operations Thread 11"        [_thread_blocked, id=13240, stack(0x0000006f1e300000,0x0000006f1e400000) (1024K)]
  0x00000208b09e2730 JavaThread "Unconstrained build operations Thread 12"        [_thread_blocked, id=13436, stack(0x0000006f1e400000,0x0000006f1e500000) (1024K)]
  0x00000208b09e2dc0 JavaThread "Unconstrained build operations Thread 13"        [_thread_blocked, id=5684, stack(0x0000006f1e500000,0x0000006f1e600000) (1024K)]
  0x00000208b09dd870 JavaThread "Unconstrained build operations Thread 14"        [_thread_blocked, id=9608, stack(0x0000006f1e600000,0x0000006f1e700000) (1024K)]
  0x00000208b09dc4c0 JavaThread "build event listener"              [_thread_blocked, id=1840, stack(0x0000006f1e700000,0x0000006f1e800000) (1024K)]
  0x00000208b09de590 JavaThread "pool-12-thread-1"                  [_thread_blocked, id=6660, stack(0x0000006f1e900000,0x0000006f1ea00000) (1024K)]
  0x00000208b09dbe30 JavaThread "build event listener"              [_thread_blocked, id=3652, stack(0x0000006f1ea00000,0x0000006f1eb00000) (1024K)]
  0x00000208b09e3450 JavaThread "included builds"                   [_thread_blocked, id=10040, stack(0x0000006f1ec00000,0x0000006f1ed00000) (1024K)]
  0x00000208b09df2b0 JavaThread "Execution worker"                  [_thread_blocked, id=7652, stack(0x0000006f1ed00000,0x0000006f1ee00000) (1024K)]
  0x00000208b09dcb50 JavaThread "Execution worker Thread 2"         [_thread_blocked, id=5740, stack(0x0000006f1ee00000,0x0000006f1ef00000) (1024K)]
  0x00000208b09e5520 JavaThread "Execution worker Thread 3"         [_thread_blocked, id=7684, stack(0x0000006f1ef00000,0x0000006f1f000000) (1024K)]
  0x00000208b09e4170 JavaThread "Execution worker Thread 4"         [_thread_blocked, id=11552, stack(0x0000006f1f000000,0x0000006f1f100000) (1024K)]
  0x00000208b09e4e90 JavaThread "Execution worker Thread 5"         [_thread_blocked, id=2204, stack(0x0000006f1f100000,0x0000006f1f200000) (1024K)]
  0x00000208aa2fd080 JavaThread "Execution worker Thread 6"         [_thread_blocked, id=10500, stack(0x0000006f1f300000,0x0000006f1f400000) (1024K)]
  0x00000208aa2fb640 JavaThread "Execution worker Thread 7"         [_thread_blocked, id=5724, stack(0x0000006f1f400000,0x0000006f1f500000) (1024K)]
  0x00000208aa2feac0 JavaThread "Cache worker for execution history cache (D:\Kuliah Bisdig\Semester 4\Programming App Mobile\revisifoodcostly\.gradle\8.10.2\executionHistory)"        [_thread_blocked, id=11788, stack(0x0000006f1f500000,0x0000006f1f600000) (1024K)]
  0x00000208aa2fdda0 JavaThread "WorkerExecutor Queue"              [_thread_blocked, id=2784, stack(0x0000006f1f600000,0x0000006f1f700000) (1024K)]
  0x00000208aa301220 JavaThread "Unconstrained build operations Thread 15"        [_thread_blocked, id=832, stack(0x0000006f1f700000,0x0000006f1f800000) (1024K)]
  0x00000208aa2ff7e0 JavaThread "Unconstrained build operations Thread 16"        [_thread_blocked, id=6396, stack(0x0000006f1f800000,0x0000006f1f900000) (1024K)]
  0x00000208aa2ff150 JavaThread "Unconstrained build operations Thread 17"        [_thread_blocked, id=2972, stack(0x0000006f1f900000,0x0000006f1fa00000) (1024K)]
  0x00000208aa300500 JavaThread "Unconstrained build operations Thread 18"        [_thread_blocked, id=5088, stack(0x0000006f1fa00000,0x0000006f1fb00000) (1024K)]
  0x00000208aa2fd710 JavaThread "Unconstrained build operations Thread 19"        [_thread_blocked, id=9248, stack(0x0000006f1fb00000,0x0000006f1fc00000) (1024K)]
  0x00000208aa2fbcd0 JavaThread "Unconstrained build operations Thread 20"        [_thread_blocked, id=12228, stack(0x0000006f1fc00000,0x0000006f1fd00000) (1024K)]
  0x00000208aa2ffe70 JavaThread "Unconstrained build operations Thread 21"        [_thread_blocked, id=13136, stack(0x0000006f1fd00000,0x0000006f1fe00000) (1024K)]
  0x00000208aa301f40 JavaThread "WorkerExecutor Queue Thread 2"        [_thread_blocked, id=17796, stack(0x0000006f1fe00000,0x0000006f1ff00000) (1024K)]
  0x00000208aa2fafb0 JavaThread "Unconstrained build operations Thread 22"        [_thread_blocked, id=6992, stack(0x0000006f1ff00000,0x0000006f20000000) (1024K)]
  0x00000208aa300b90 JavaThread "Unconstrained build operations Thread 23"        [_thread_blocked, id=2172, stack(0x0000006f20000000,0x0000006f20100000) (1024K)]
  0x00000208aa3025d0 JavaThread "Unconstrained build operations Thread 24"        [_thread_blocked, id=5252, stack(0x0000006f20100000,0x0000006f20200000) (1024K)]
  0x00000208aa2fc360 JavaThread "Unconstrained build operations Thread 25"        [_thread_blocked, id=2336, stack(0x0000006f20400000,0x0000006f20500000) (1024K)]
  0x00000208aa2fc9f0 JavaThread "Unconstrained build operations Thread 26"        [_thread_blocked, id=2924, stack(0x0000006f20500000,0x0000006f20600000) (1024K)]
  0x00000208a9118660 JavaThread "Unconstrained build operations Thread 27"        [_thread_blocked, id=12140, stack(0x0000006f20600000,0x0000006f20700000) (1024K)]
  0x00000208a9118cf0 JavaThread "Unconstrained build operations Thread 28"        [_thread_blocked, id=7116, stack(0x0000006f20700000,0x0000006f20800000) (1024K)]
  0x00000208b3146870 JavaThread "WorkerExecutor Queue Thread 3"        [_thread_blocked, id=2912, stack(0x0000006f1e800000,0x0000006f1e900000) (1024K)]
  0x00000208b31461e0 JavaThread "WorkerExecutor Queue Thread 5"        [_thread_blocked, id=7264, stack(0x0000006f20900000,0x0000006f20a00000) (1024K)]
  0x00000208b3143a80 JavaThread "WorkerExecutor Queue Thread 6"        [_thread_blocked, id=12176, stack(0x0000006f20a00000,0x0000006f20b00000) (1024K)]
  0x00000208b3145b50 JavaThread "WorkerExecutor Queue Thread 7"        [_thread_blocked, id=19440, stack(0x0000006f20b00000,0x0000006f20c00000) (1024K)]
  0x00000208b31454c0 JavaThread "WorkerExecutor Queue Thread 8"        [_thread_blocked, id=19188, stack(0x0000006f20c00000,0x0000006f20d00000) (1024K)]
  0x00000208b3144110 JavaThread "Unconstrained build operations Thread 29"        [_thread_blocked, id=5376, stack(0x0000006f20e00000,0x0000006f20f00000) (1024K)]
  0x00000208b3144e30 JavaThread "Unconstrained build operations Thread 30"        [_thread_blocked, id=9204, stack(0x0000006f20f00000,0x0000006f21000000) (1024K)]
  0x00000208b3140c90 JavaThread "Unconstrained build operations Thread 31"        [_thread_blocked, id=13496, stack(0x0000006f21000000,0x0000006f21100000) (1024K)]
  0x00000208b0c6c7c0 JavaThread "Unconstrained build operations Thread 32"        [_thread_blocked, id=11100, stack(0x0000006f21100000,0x0000006f21200000) (1024K)]
  0x00000208b0c68cb0 JavaThread "Unconstrained build operations Thread 33"        [_thread_blocked, id=14864, stack(0x0000006f21200000,0x0000006f21300000) (1024K)]
  0x00000208b0c65830 JavaThread "Unconstrained build operations Thread 34"        [_thread_blocked, id=5432, stack(0x0000006f21300000,0x0000006f21400000) (1024K)]
  0x00000208b0c6fc40 JavaThread "Unconstrained build operations Thread 35"        [_thread_blocked, id=13516, stack(0x0000006f21400000,0x0000006f21500000) (1024K)]
  0x00000208b0c70960 JavaThread "Unconstrained build operations Thread 36"        [_thread_blocked, id=14484, stack(0x0000006f21500000,0x0000006f21600000) (1024K)]
  0x00000208b0c72a30 JavaThread "Unconstrained build operations Thread 37"        [_thread_blocked, id=18400, stack(0x0000006f21600000,0x0000006f21700000) (1024K)]
  0x00000208b0c730c0 JavaThread "Unconstrained build operations Thread 38"        [_thread_blocked, id=8912, stack(0x0000006f21700000,0x0000006f21800000) (1024K)]
  0x00000208b0c723a0 JavaThread "Unconstrained build operations Thread 39"        [_thread_blocked, id=19272, stack(0x0000006f21800000,0x0000006f21900000) (1024K)]
  0x00000208b0c73750 JavaThread "Unconstrained build operations Thread 40"        [_thread_blocked, id=5200, stack(0x0000006f21900000,0x0000006f21a00000) (1024K)]
  0x00000208b0c6e890 JavaThread "Unconstrained build operations Thread 41"        [_thread_blocked, id=13676, stack(0x0000006f21a00000,0x0000006f21b00000) (1024K)]
  0x00000208b0c70ff0 JavaThread "Unconstrained build operations Thread 42"        [_thread_blocked, id=12188, stack(0x0000006f21b00000,0x0000006f21c00000) (1024K)]
  0x00000208b0c6ef20 JavaThread "Unconstrained build operations Thread 43"        [_thread_blocked, id=9868, stack(0x0000006f21c00000,0x0000006f21d00000) (1024K)]
  0x00000208b0c6ce50 JavaThread "Unconstrained build operations Thread 44"        [_thread_blocked, id=12800, stack(0x0000006f21d00000,0x0000006f21e00000) (1024K)]
  0x00000208b0c6d4e0 JavaThread "Unconstrained build operations Thread 45"        [_thread_blocked, id=11444, stack(0x0000006f21e00000,0x0000006f21f00000) (1024K)]
  0x00000208b0c66be0 JavaThread "Unconstrained build operations Thread 46"        [_thread_blocked, id=16360, stack(0x0000006f21f00000,0x0000006f22000000) (1024K)]
  0x00000208b0c67270 JavaThread "Unconstrained build operations Thread 47"        [_thread_blocked, id=17628, stack(0x0000006f22000000,0x0000006f22100000) (1024K)]
  0x00000208b0c6a060 JavaThread "Unconstrained build operations Thread 48"        [_thread_blocked, id=14720, stack(0x0000006f22100000,0x0000006f22200000) (1024K)]
  0x00000208b0c65ec0 JavaThread "Unconstrained build operations Thread 49"        [_thread_blocked, id=16512, stack(0x0000006f22200000,0x0000006f22300000) (1024K)]
  0x00000208b0c68620 JavaThread "Unconstrained build operations Thread 50"        [_thread_blocked, id=3648, stack(0x0000006f22300000,0x0000006f22400000) (1024K)]
  0x00000208b0c67900 JavaThread "Unconstrained build operations Thread 51"        [_thread_blocked, id=18224, stack(0x0000006f22400000,0x0000006f22500000) (1024K)]
  0x00000208b0c6a6f0 JavaThread "Unconstrained build operations Thread 52"        [_thread_blocked, id=17248, stack(0x0000006f22500000,0x0000006f22600000) (1024K)]
  0x00000208b0c66550 JavaThread "Unconstrained build operations Thread 53"        [_thread_blocked, id=1984, stack(0x0000006f22600000,0x0000006f22700000) (1024K)]
  0x00000208b0c6ad80 JavaThread "Unconstrained build operations Thread 54"        [_thread_blocked, id=15844, stack(0x0000006f22700000,0x0000006f22800000) (1024K)]
  0x00000208b0c6b410 JavaThread "Unconstrained build operations Thread 55"        [_thread_blocked, id=16972, stack(0x0000006f22800000,0x0000006f22900000) (1024K)]
  0x00000208b0c67f90 JavaThread "Unconstrained build operations Thread 56"        [_thread_blocked, id=8456, stack(0x0000006f22900000,0x0000006f22a00000) (1024K)]
  0x00000208b0c6baa0 JavaThread "Unconstrained build operations Thread 57"        [_thread_blocked, id=10772, stack(0x0000006f22a00000,0x0000006f22b00000) (1024K)]
  0x00000208b0c64b10 JavaThread "Unconstrained build operations Thread 58"        [_thread_blocked, id=14860, stack(0x0000006f22b00000,0x0000006f22c00000) (1024K)]
  0x00000208b0c651a0 JavaThread "Unconstrained build operations Thread 59"        [_thread_blocked, id=7040, stack(0x0000006f22c00000,0x0000006f22d00000) (1024K)]
  0x00000208b0c702d0 JavaThread "Unconstrained build operations Thread 60"        [_thread_blocked, id=14836, stack(0x0000006f22d00000,0x0000006f22e00000) (1024K)]
  0x00000208b0c73de0 JavaThread "Unconstrained build operations Thread 61"        [_thread_blocked, id=11740, stack(0x0000006f22e00000,0x0000006f22f00000) (1024K)]
  0x00000208b0c71680 JavaThread "Unconstrained build operations Thread 62"        [_thread_blocked, id=15528, stack(0x0000006f22f00000,0x0000006f23000000) (1024K)]
  0x00000208b0c6db70 JavaThread "Unconstrained build operations Thread 63"        [_thread_blocked, id=18028, stack(0x0000006f23000000,0x0000006f23100000) (1024K)]
  0x00000208b0c6e200 JavaThread "Unconstrained build operations Thread 64"        [_thread_blocked, id=4688, stack(0x0000006f23100000,0x0000006f23200000) (1024K)]
  0x00000208b0c71d10 JavaThread "Unconstrained build operations Thread 65"        [_thread_blocked, id=19392, stack(0x0000006f23200000,0x0000006f23300000) (1024K)]
  0x00000208b3148940 JavaThread "Unconstrained build operations Thread 66"        [_thread_blocked, id=5892, stack(0x0000006f23300000,0x0000006f23400000) (1024K)]
  0x00000208b31419b0 JavaThread "Unconstrained build operations Thread 67"        [_thread_blocked, id=3860, stack(0x0000006f23400000,0x0000006f23500000) (1024K)]
  0x00000208b3148fd0 JavaThread "Unconstrained build operations Thread 68"        [_thread_blocked, id=2516, stack(0x0000006f23500000,0x0000006f23600000) (1024K)]
  0x00000208b3142040 JavaThread "Unconstrained build operations Thread 69"        [_thread_blocked, id=8500, stack(0x0000006f23600000,0x0000006f23700000) (1024K)]
  0x00000208b3149660 JavaThread "Unconstrained build operations Thread 70"        [_thread_blocked, id=14808, stack(0x0000006f23700000,0x0000006f23800000) (1024K)]
  0x00000208b31426d0 JavaThread "Unconstrained build operations Thread 71"        [_thread_blocked, id=11216, stack(0x0000006f23800000,0x0000006f23900000) (1024K)]
  0x00000208b3149cf0 JavaThread "Unconstrained build operations Thread 72"        [_thread_blocked, id=13372, stack(0x0000006f23900000,0x0000006f23a00000) (1024K)]
  0x00000208b314a380 JavaThread "Unconstrained build operations Thread 73"        [_thread_blocked, id=18544, stack(0x0000006f23a00000,0x0000006f23b00000) (1024K)]
  0x00000208b314aa10 JavaThread "Unconstrained build operations Thread 74"        [_thread_blocked, id=5540, stack(0x0000006f23b00000,0x0000006f23c00000) (1024K)]
  0x00000208b314d170 JavaThread "Unconstrained build operations Thread 75"        [_thread_blocked, id=18140, stack(0x0000006f23c00000,0x0000006f23d00000) (1024K)]
  0x00000208b314b0a0 JavaThread "Unconstrained build operations Thread 76"        [_thread_blocked, id=4324, stack(0x0000006f23d00000,0x0000006f23e00000) (1024K)]
  0x00000208b314bdc0 JavaThread "Unconstrained build operations Thread 77"        [_thread_blocked, id=7996, stack(0x0000006f23e00000,0x0000006f23f00000) (1024K)]
  0x00000208b314cae0 JavaThread "Unconstrained build operations Thread 78"        [_thread_blocked, id=17812, stack(0x0000006f23f00000,0x0000006f24000000) (1024K)]
  0x00000208b314b730 JavaThread "Unconstrained build operations Thread 79"        [_thread_blocked, id=19088, stack(0x0000006f24000000,0x0000006f24100000) (1024K)]
  0x00000208b314c450 JavaThread "Unconstrained build operations Thread 80"        [_thread_blocked, id=6812, stack(0x0000006f24100000,0x0000006f24200000) (1024K)]
  0x00000208b314de90 JavaThread "pool-13-thread-1"                  [_thread_blocked, id=3512, stack(0x0000006f24200000,0x0000006f24300000) (1024K)]
  0x00000208b314e520 JavaThread "stderr"                            [_thread_in_native, id=2856, stack(0x0000006f24300000,0x0000006f24400000) (1024K)]
  0x00000208b314ebb0 JavaThread "stdout"                            [_thread_in_native, id=19000, stack(0x0000006f24400000,0x0000006f24500000) (1024K)]
  0x00000208aa2ebf70 JavaThread "WorkerExecutor Queue Thread 9"        [_thread_blocked, id=13572, stack(0x0000006f24500000,0x0000006f24600000) (1024K)]
  0x00000208b0892fb0 JavaThread "ForkJoinPool-1-worker-1"    daemon [_thread_blocked, id=18948, stack(0x0000006f1d700000,0x0000006f1d800000) (1024K)]
  0x00000208b0893640 JavaThread "ForkJoinPool-1-worker-2"    daemon [_thread_blocked, id=18592, stack(0x0000006f20800000,0x0000006f20900000) (1024K)]
  0x00000208b08949f0 JavaThread "ForkJoinPool-1-worker-3"    daemon [_thread_blocked, id=19168, stack(0x0000006f24600000,0x0000006f24700000) (1024K)]
  0x00000208b0891570 JavaThread "ForkJoinPool-1-worker-4"    daemon [_thread_blocked, id=18624, stack(0x0000006f24700000,0x0000006f24800000) (1024K)]
  0x00000208b0891c00 JavaThread "ForkJoinPool-1-worker-5"    daemon [_thread_blocked, id=3416, stack(0x0000006f24800000,0x0000006f24900000) (1024K)]
  0x00000208b0892290 JavaThread "ForkJoinPool-1-worker-6"    daemon [_thread_blocked, id=3460, stack(0x0000006f24900000,0x0000006f24a00000) (1024K)]
  0x00000208b0893cd0 JavaThread "ForkJoinPool-1-worker-7"    daemon [_thread_blocked, id=11440, stack(0x0000006f24a00000,0x0000006f24b00000) (1024K)]
  0x00000208b088fb30 JavaThread "ForkJoinPool-1-worker-8"    daemon [_thread_blocked, id=16220, stack(0x0000006f24b00000,0x0000006f24c00000) (1024K)]
  0x00000208a7313710 JavaThread "C2 CompilerThread1"         daemon [_thread_blocked, id=2464, stack(0x0000006f24c00000,0x0000006f24d00000) (1024K)]
Total: 156

Other Threads:
  0x00000208a0f0b610 VMThread "VM Thread"                           [id=8784, stack(0x0000006f1ab00000,0x0000006f1ac00000) (1024K)]
  0x00000208a0ea7740 WatcherThread "VM Periodic Task Thread"        [id=14096, stack(0x0000006f1aa00000,0x0000006f1ab00000) (1024K)]
  0x00000208878d6710 WorkerThread "GC Thread#0"                     [id=11764, stack(0x0000006f1a500000,0x0000006f1a600000) (1024K)]
  0x00000208a18a7e00 WorkerThread "GC Thread#1"                     [id=3888, stack(0x0000006f1b700000,0x0000006f1b800000) (1024K)]
  0x00000208a1932ae0 WorkerThread "GC Thread#2"                     [id=8852, stack(0x0000006f1b800000,0x0000006f1b900000) (1024K)]
  0x00000208a652f200 WorkerThread "GC Thread#3"                     [id=13192, stack(0x0000006f1b600000,0x0000006f1b700000) (1024K)]
  0x00000208a60628f0 WorkerThread "GC Thread#4"                     [id=18632, stack(0x0000006f1b900000,0x0000006f1ba00000) (1024K)]
  0x00000208a6e0c4d0 WorkerThread "GC Thread#5"                     [id=1484, stack(0x0000006f1bb00000,0x0000006f1bc00000) (1024K)]
  0x00000208a71aed20 WorkerThread "GC Thread#6"                     [id=1856, stack(0x0000006f1c500000,0x0000006f1c600000) (1024K)]
  0x00000208a71af0c0 WorkerThread "GC Thread#7"                     [id=11032, stack(0x0000006f1c600000,0x0000006f1c700000) (1024K)]
  0x00000208878e7600 ConcurrentGCThread "G1 Main Marker"            [id=18836, stack(0x0000006f1a600000,0x0000006f1a700000) (1024K)]
  0x00000208878e8180 WorkerThread "G1 Conc#0"                       [id=1064, stack(0x0000006f1a700000,0x0000006f1a800000) (1024K)]
  0x00000208a71c0930 WorkerThread "G1 Conc#1"                       [id=18176, stack(0x0000006f1c700000,0x0000006f1c800000) (1024K)]
  0x00000208a0d775a0 ConcurrentGCThread "G1 Refine#0"               [id=9676, stack(0x0000006f1a800000,0x0000006f1a900000) (1024K)]
  0x00000208a0d77c30 ConcurrentGCThread "G1 Service"                [id=8364, stack(0x0000006f1a900000,0x0000006f1aa00000) (1024K)]
Total: 15

Threads with active compile tasks:
C2 CompilerThread0   861784 22703       4       com.android.tools.r8.internal.Um::a (3278 bytes)
C1 CompilerThread0   861784 23153       2       com.android.tools.r8.graph.M4::a (160 bytes)
C2 CompilerThread1   861784 22848 %     4       com.android.tools.r8.dex.C::a @ 292 (997 bytes)
Total: 3

VM state: at safepoint (normal execution)

VM Mutex/Monitor currently owned by a thread:  ([mutex/lock_event])
[0x00007fff964b4bf8] FreeList_lock - owner thread: 0x00000208a652f200
[0x00007fff964b72f8] Threads_lock - owner thread: 0x00000208a0f0b610
[0x00007fff964b73f8] Heap_lock - owner thread: 0x00000208b0893cd0

Heap address: 0x0000000080000000, size: 2048 MB, Compressed Oops mode: 32-bit

CDS archive(s) not mapped
Compressed class space mapped at: 0x0000000100000000-0x0000000140000000, reserved size: 1073741824
Narrow klass base: 0x0000000000000000, Narrow klass shift: 3, Narrow klass range: 0x140000000

GC Precious Log:
 CardTable entry size: 512
 Card Set container configuration: InlinePtr #cards 5 size 8 Array Of Cards #cards 12 size 40 Howl #buckets 4 coarsen threshold 1843 Howl Bitmap #cards 512 size 80 coarsen threshold 460 Card regions per heap region 1 cards per card region 2048
 CPUs: 8 total, 8 available
 Memory: 7930M
 Large Page Support: Disabled
 NUMA Support: Disabled
 Compressed Oops: Enabled (32-bit)
 Heap Region Size: 1M
 Heap Min Capacity: 8M
 Heap Initial Capacity: 124M
 Heap Max Capacity: 2G
 Pre-touch: Disabled
 Parallel Workers: 8
 Concurrent Workers: 2
 Concurrent Refinement Workers: 8
 Periodic GC: Disabled

Heap:
 garbage-first heap   total 400384K, used 364737K [0x0000000080000000, 0x0000000100000000)
  region size 1024K, 123 young (125952K), 16 survivors (16384K)
 Metaspace       used 154262K, committed 156864K, reserved 1245184K
  class space    used 19925K, committed 21248K, reserved 1048576K

Heap Regions: E=young(eden), S=young(survivor), O=old, HS=humongous(starts), HC=humongous(continues), CS=collection set, F=free, TAMS=top-at-mark-start, PB=parsable bottom
|   0|0x0000000080000000, 0x0000000080100000, 0x0000000080100000|100%| O|  |TAMS 0x0000000080000000| PB 0x0000000080000000| Untracked 
|   1|0x0000000080100000, 0x0000000080200000, 0x0000000080200000|100%| O|  |TAMS 0x0000000080100000| PB 0x0000000080100000| Untracked 
|   2|0x0000000080200000, 0x0000000080300000, 0x0000000080300000|100%|HS|  |TAMS 0x0000000080200000| PB 0x0000000080200000| Complete 
|   3|0x0000000080300000, 0x0000000080400000, 0x0000000080400000|100%|HC|  |TAMS 0x0000000080300000| PB 0x0000000080300000| Complete 
|   4|0x0000000080400000, 0x0000000080500000, 0x0000000080500000|100%|HC|  |TAMS 0x0000000080400000| PB 0x0000000080400000| Complete 
|   5|0x0000000080500000, 0x0000000080600000, 0x0000000080600000|100%|HC|  |TAMS 0x0000000080500000| PB 0x0000000080500000| Complete 
|   6|0x0000000080600000, 0x0000000080700000, 0x0000000080700000|100%| O|  |TAMS 0x0000000080600000| PB 0x0000000080600000| Untracked 
|   7|0x0000000080700000, 0x0000000080800000, 0x0000000080800000|100%| O|  |TAMS 0x0000000080700000| PB 0x0000000080700000| Untracked 
|   8|0x0000000080800000, 0x0000000080900000, 0x0000000080900000|100%| O|  |TAMS 0x0000000080800000| PB 0x0000000080800000| Untracked 
|   9|0x0000000080900000, 0x0000000080a00000, 0x0000000080a00000|100%|HS|  |TAMS 0x0000000080900000| PB 0x0000000080900000| Complete 
|  10|0x0000000080a00000, 0x0000000080b00000, 0x0000000080b00000|100%| O|  |TAMS 0x0000000080a00000| PB 0x0000000080a00000| Untracked 
|  11|0x0000000080b00000, 0x0000000080c00000, 0x0000000080c00000|100%| O|  |TAMS 0x0000000080b00000| PB 0x0000000080b00000| Untracked 
|  12|0x0000000080c00000, 0x0000000080d00000, 0x0000000080d00000|100%| O|  |TAMS 0x0000000080c00000| PB 0x0000000080c00000| Untracked 
|  13|0x0000000080d00000, 0x0000000080e00000, 0x0000000080e00000|100%| O|  |TAMS 0x0000000080d00000| PB 0x0000000080d00000| Untracked 
|  14|0x0000000080e00000, 0x0000000080f00000, 0x0000000080f00000|100%| O|  |TAMS 0x0000000080e00000| PB 0x0000000080e00000| Untracked 
|  15|0x0000000080f00000, 0x0000000081000000, 0x0000000081000000|100%| O|  |TAMS 0x0000000080f00000| PB 0x0000000080f00000| Untracked 
|  16|0x0000000081000000, 0x0000000081100000, 0x0000000081100000|100%| O|  |TAMS 0x0000000081000000| PB 0x0000000081000000| Untracked 
|  17|0x0000000081100000, 0x0000000081200000, 0x0000000081200000|100%| O|  |TAMS 0x0000000081100000| PB 0x0000000081100000| Untracked 
|  18|0x0000000081200000, 0x0000000081300000, 0x0000000081300000|100%| O|  |TAMS 0x0000000081200000| PB 0x0000000081200000| Untracked 
|  19|0x0000000081300000, 0x0000000081400000, 0x0000000081400000|100%| O|  |TAMS 0x0000000081300000| PB 0x0000000081300000| Untracked 
|  20|0x0000000081400000, 0x0000000081500000, 0x0000000081500000|100%| O|  |TAMS 0x0000000081400000| PB 0x0000000081400000| Untracked 
|  21|0x0000000081500000, 0x0000000081600000, 0x0000000081600000|100%|HS|  |TAMS 0x0000000081500000| PB 0x0000000081500000| Complete 
|  22|0x0000000081600000, 0x0000000081700000, 0x0000000081700000|100%|HC|  |TAMS 0x0000000081600000| PB 0x0000000081600000| Complete 
|  23|0x0000000081700000, 0x0000000081800000, 0x0000000081800000|100%|HC|  |TAMS 0x0000000081700000| PB 0x0000000081700000| Complete 
|  24|0x0000000081800000, 0x0000000081900000, 0x0000000081900000|100%|HC|  |TAMS 0x0000000081800000| PB 0x0000000081800000| Complete 
|  25|0x0000000081900000, 0x0000000081a00000, 0x0000000081a00000|100%|HC|  |TAMS 0x0000000081900000| PB 0x0000000081900000| Complete 
|  26|0x0000000081a00000, 0x0000000081b00000, 0x0000000081b00000|100%|HC|  |TAMS 0x0000000081a00000| PB 0x0000000081a00000| Complete 
|  27|0x0000000081b00000, 0x0000000081c00000, 0x0000000081c00000|100%|HS|  |TAMS 0x0000000081b00000| PB 0x0000000081b00000| Complete 
|  28|0x0000000081c00000, 0x0000000081d00000, 0x0000000081d00000|100%|HC|  |TAMS 0x0000000081c00000| PB 0x0000000081c00000| Complete 
|  29|0x0000000081d00000, 0x0000000081e00000, 0x0000000081e00000|100%|HC|  |TAMS 0x0000000081d00000| PB 0x0000000081d00000| Complete 
|  30|0x0000000081e00000, 0x0000000081f00000, 0x0000000081f00000|100%|HS|  |TAMS 0x0000000081e00000| PB 0x0000000081e00000| Complete 
|  31|0x0000000081f00000, 0x0000000082000000, 0x0000000082000000|100%|HC|  |TAMS 0x0000000081f00000| PB 0x0000000081f00000| Complete 
|  32|0x0000000082000000, 0x0000000082100000, 0x0000000082100000|100%| O|  |TAMS 0x0000000082000000| PB 0x0000000082000000| Untracked 
|  33|0x0000000082100000, 0x0000000082200000, 0x0000000082200000|100%|HS|  |TAMS 0x0000000082100000| PB 0x0000000082100000| Complete 
|  34|0x0000000082200000, 0x0000000082300000, 0x0000000082300000|100%| O|  |TAMS 0x0000000082200000| PB 0x0000000082200000| Untracked 
|  35|0x0000000082300000, 0x0000000082400000, 0x0000000082400000|100%| O|  |TAMS 0x0000000082300000| PB 0x0000000082300000| Untracked 
|  36|0x0000000082400000, 0x0000000082500000, 0x0000000082500000|100%| O|  |TAMS 0x0000000082400000| PB 0x0000000082400000| Untracked 
|  37|0x0000000082500000, 0x0000000082600000, 0x0000000082600000|100%| O|  |TAMS 0x0000000082500000| PB 0x0000000082500000| Untracked 
|  38|0x0000000082600000, 0x0000000082700000, 0x0000000082700000|100%| O|  |TAMS 0x0000000082600000| PB 0x0000000082600000| Untracked 
|  39|0x0000000082700000, 0x0000000082800000, 0x0000000082800000|100%| O|  |TAMS 0x0000000082700000| PB 0x0000000082700000| Untracked 
|  40|0x0000000082800000, 0x0000000082900000, 0x0000000082900000|100%| O|  |TAMS 0x0000000082800000| PB 0x0000000082800000| Untracked 
|  41|0x0000000082900000, 0x0000000082a00000, 0x0000000082a00000|100%| O|  |TAMS 0x0000000082900000| PB 0x0000000082900000| Untracked 
|  42|0x0000000082a00000, 0x0000000082b00000, 0x0000000082b00000|100%| O|  |TAMS 0x0000000082a00000| PB 0x0000000082a00000| Untracked 
|  43|0x0000000082b00000, 0x0000000082c00000, 0x0000000082c00000|100%| O|  |TAMS 0x0000000082b00000| PB 0x0000000082b00000| Untracked 
|  44|0x0000000082c00000, 0x0000000082d00000, 0x0000000082d00000|100%| O|  |TAMS 0x0000000082c00000| PB 0x0000000082c00000| Untracked 
|  45|0x0000000082d00000, 0x0000000082e00000, 0x0000000082e00000|100%| O|  |TAMS 0x0000000082d00000| PB 0x0000000082d00000| Untracked 
|  46|0x0000000082e00000, 0x0000000082f00000, 0x0000000082f00000|100%| O|  |TAMS 0x0000000082e00000| PB 0x0000000082e00000| Untracked 
|  47|0x0000000082f00000, 0x0000000083000000, 0x0000000083000000|100%|HS|  |TAMS 0x0000000082f00000| PB 0x0000000082f00000| Complete 
|  48|0x0000000083000000, 0x0000000083100000, 0x0000000083100000|100%|HC|  |TAMS 0x0000000083000000| PB 0x0000000083000000| Complete 
|  49|0x0000000083100000, 0x0000000083200000, 0x0000000083200000|100%| O|  |TAMS 0x0000000083100000| PB 0x0000000083100000| Untracked 
|  50|0x0000000083200000, 0x0000000083300000, 0x0000000083300000|100%| O|  |TAMS 0x0000000083200000| PB 0x0000000083200000| Untracked 
|  51|0x0000000083300000, 0x0000000083400000, 0x0000000083400000|100%| O|  |TAMS 0x0000000083300000| PB 0x0000000083300000| Untracked 
|  52|0x0000000083400000, 0x0000000083500000, 0x0000000083500000|100%| O|  |TAMS 0x0000000083400000| PB 0x0000000083400000| Untracked 
|  53|0x0000000083500000, 0x0000000083600000, 0x0000000083600000|100%| O|  |TAMS 0x0000000083500000| PB 0x0000000083500000| Untracked 
|  54|0x0000000083600000, 0x0000000083700000, 0x0000000083700000|100%| O|  |TAMS 0x0000000083600000| PB 0x0000000083600000| Untracked 
|  55|0x0000000083700000, 0x0000000083800000, 0x0000000083800000|100%|HS|  |TAMS 0x0000000083700000| PB 0x0000000083700000| Complete 
|  56|0x0000000083800000, 0x0000000083900000, 0x0000000083900000|100%|HC|  |TAMS 0x0000000083800000| PB 0x0000000083800000| Complete 
|  57|0x0000000083900000, 0x0000000083a00000, 0x0000000083a00000|100%|HC|  |TAMS 0x0000000083900000| PB 0x0000000083900000| Complete 
|  58|0x0000000083a00000, 0x0000000083b00000, 0x0000000083b00000|100%|HC|  |TAMS 0x0000000083a00000| PB 0x0000000083a00000| Complete 
|  59|0x0000000083b00000, 0x0000000083c00000, 0x0000000083c00000|100%|HC|  |TAMS 0x0000000083b00000| PB 0x0000000083b00000| Complete 
|  60|0x0000000083c00000, 0x0000000083d00000, 0x0000000083d00000|100%|HC|  |TAMS 0x0000000083c00000| PB 0x0000000083c00000| Complete 
|  61|0x0000000083d00000, 0x0000000083e00000, 0x0000000083e00000|100%|HS|  |TAMS 0x0000000083d00000| PB 0x0000000083d00000| Complete 
|  62|0x0000000083e00000, 0x0000000083f00000, 0x0000000083f00000|100%|HC|  |TAMS 0x0000000083e00000| PB 0x0000000083e00000| Complete 
|  63|0x0000000083f00000, 0x0000000084000000, 0x0000000084000000|100%|HC|  |TAMS 0x0000000083f00000| PB 0x0000000083f00000| Complete 
|  64|0x0000000084000000, 0x0000000084100000, 0x0000000084100000|100%|HC|  |TAMS 0x0000000084000000| PB 0x0000000084000000| Complete 
|  65|0x0000000084100000, 0x0000000084200000, 0x0000000084200000|100%|HC|  |TAMS 0x0000000084100000| PB 0x0000000084100000| Complete 
|  66|0x0000000084200000, 0x0000000084300000, 0x0000000084300000|100%|HC|  |TAMS 0x0000000084200000| PB 0x0000000084200000| Complete 
|  67|0x0000000084300000, 0x0000000084400000, 0x0000000084400000|100%| O|  |TAMS 0x0000000084300000| PB 0x0000000084300000| Untracked 
|  68|0x0000000084400000, 0x0000000084500000, 0x0000000084500000|100%| O|  |TAMS 0x0000000084400000| PB 0x0000000084400000| Untracked 
|  69|0x0000000084500000, 0x0000000084600000, 0x0000000084600000|100%| O|  |TAMS 0x0000000084500000| PB 0x0000000084500000| Untracked 
|  70|0x0000000084600000, 0x0000000084700000, 0x0000000084700000|100%| O|  |TAMS 0x0000000084600000| PB 0x0000000084600000| Untracked 
|  71|0x0000000084700000, 0x0000000084800000, 0x0000000084800000|100%| O|  |TAMS 0x0000000084700000| PB 0x0000000084700000| Untracked 
|  72|0x0000000084800000, 0x0000000084900000, 0x0000000084900000|100%| O|  |TAMS 0x0000000084800000| PB 0x0000000084800000| Untracked 
|  73|0x0000000084900000, 0x0000000084a00000, 0x0000000084a00000|100%| O|  |TAMS 0x0000000084900000| PB 0x0000000084900000| Untracked 
|  74|0x0000000084a00000, 0x0000000084b00000, 0x0000000084b00000|100%| O|  |TAMS 0x0000000084a00000| PB 0x0000000084a00000| Untracked 
|  75|0x0000000084b00000, 0x0000000084c00000, 0x0000000084c00000|100%| O|  |TAMS 0x0000000084b00000| PB 0x0000000084b00000| Untracked 
|  76|0x0000000084c00000, 0x0000000084d00000, 0x0000000084d00000|100%|HS|  |TAMS 0x0000000084c00000| PB 0x0000000084c00000| Complete 
|  77|0x0000000084d00000, 0x0000000084e00000, 0x0000000084e00000|100%|HS|  |TAMS 0x0000000084d00000| PB 0x0000000084d00000| Complete 
|  78|0x0000000084e00000, 0x0000000084f00000, 0x0000000084f00000|100%|HS|  |TAMS 0x0000000084e00000| PB 0x0000000084e00000| Complete 
|  79|0x0000000084f00000, 0x0000000085000000, 0x0000000085000000|100%|HS|  |TAMS 0x0000000084f00000| PB 0x0000000084f00000| Complete 
|  80|0x0000000085000000, 0x0000000085100000, 0x0000000085100000|100%|HS|  |TAMS 0x0000000085000000| PB 0x0000000085000000| Complete 
|  81|0x0000000085100000, 0x0000000085200000, 0x0000000085200000|100%| O|  |TAMS 0x0000000085100000| PB 0x0000000085100000| Untracked 
|  82|0x0000000085200000, 0x0000000085300000, 0x0000000085300000|100%|HS|  |TAMS 0x0000000085200000| PB 0x0000000085200000| Complete 
|  83|0x0000000085300000, 0x0000000085400000, 0x0000000085400000|100%| O|  |TAMS 0x0000000085300000| PB 0x0000000085300000| Untracked 
|  84|0x0000000085400000, 0x0000000085500000, 0x0000000085500000|100%| O|  |TAMS 0x0000000085400000| PB 0x0000000085400000| Untracked 
|  85|0x0000000085500000, 0x0000000085600000, 0x0000000085600000|100%| O|  |TAMS 0x0000000085500000| PB 0x0000000085500000| Untracked 
|  86|0x0000000085600000, 0x0000000085700000, 0x0000000085700000|100%| O|  |TAMS 0x0000000085600000| PB 0x0000000085600000| Untracked 
|  87|0x0000000085700000, 0x0000000085800000, 0x0000000085800000|100%|HS|  |TAMS 0x0000000085700000| PB 0x0000000085700000| Complete 
|  88|0x0000000085800000, 0x0000000085900000, 0x0000000085900000|100%| O|  |TAMS 0x0000000085800000| PB 0x0000000085800000| Untracked 
|  89|0x0000000085900000, 0x0000000085a00000, 0x0000000085a00000|100%| O|  |TAMS 0x0000000085900000| PB 0x0000000085900000| Untracked 
|  90|0x0000000085a00000, 0x0000000085b00000, 0x0000000085b00000|100%| O|  |TAMS 0x0000000085a00000| PB 0x0000000085a00000| Untracked 
|  91|0x0000000085b00000, 0x0000000085c00000, 0x0000000085c00000|100%| O|  |TAMS 0x0000000085b00000| PB 0x0000000085b00000| Untracked 
|  92|0x0000000085c00000, 0x0000000085d00000, 0x0000000085d00000|100%| O|  |TAMS 0x0000000085c00000| PB 0x0000000085c00000| Untracked 
|  93|0x0000000085d00000, 0x0000000085e00000, 0x0000000085e00000|100%| O|  |TAMS 0x0000000085d00000| PB 0x0000000085d00000| Untracked 
|  94|0x0000000085e00000, 0x0000000085f00000, 0x0000000085f00000|100%| O|  |TAMS 0x0000000085e00000| PB 0x0000000085e00000| Untracked 
|  95|0x0000000085f00000, 0x0000000086000000, 0x0000000086000000|100%| O|  |TAMS 0x0000000085f00000| PB 0x0000000085f00000| Untracked 
|  96|0x0000000086000000, 0x0000000086100000, 0x0000000086100000|100%| O|  |TAMS 0x0000000086000000| PB 0x0000000086000000| Untracked 
|  97|0x0000000086100000, 0x0000000086200000, 0x0000000086200000|100%| O|  |TAMS 0x0000000086100000| PB 0x0000000086100000| Untracked 
|  98|0x0000000086200000, 0x0000000086300000, 0x0000000086300000|100%| O|  |TAMS 0x0000000086200000| PB 0x0000000086200000| Untracked 
|  99|0x0000000086300000, 0x0000000086400000, 0x0000000086400000|100%|HS|  |TAMS 0x0000000086300000| PB 0x0000000086300000| Complete 
| 100|0x0000000086400000, 0x0000000086500000, 0x0000000086500000|100%| O|  |TAMS 0x0000000086400000| PB 0x0000000086400000| Untracked 
| 101|0x0000000086500000, 0x0000000086600000, 0x0000000086600000|100%| O|  |TAMS 0x0000000086500000| PB 0x0000000086500000| Untracked 
| 102|0x0000000086600000, 0x0000000086700000, 0x0000000086700000|100%| O|  |TAMS 0x0000000086600000| PB 0x0000000086600000| Untracked 
| 103|0x0000000086700000, 0x0000000086800000, 0x0000000086800000|100%| O|  |TAMS 0x0000000086700000| PB 0x0000000086700000| Untracked 
| 104|0x0000000086800000, 0x0000000086900000, 0x0000000086900000|100%| O|  |TAMS 0x0000000086800000| PB 0x0000000086800000| Untracked 
| 105|0x0000000086900000, 0x0000000086a00000, 0x0000000086a00000|100%| O|  |TAMS 0x0000000086900000| PB 0x0000000086900000| Untracked 
| 106|0x0000000086a00000, 0x0000000086b00000, 0x0000000086b00000|100%| O|  |TAMS 0x0000000086a00000| PB 0x0000000086a00000| Untracked 
| 107|0x0000000086b00000, 0x0000000086c00000, 0x0000000086c00000|100%| O|  |TAMS 0x0000000086b00000| PB 0x0000000086b00000| Untracked 
| 108|0x0000000086c00000, 0x0000000086d00000, 0x0000000086d00000|100%| O|  |TAMS 0x0000000086c00000| PB 0x0000000086c00000| Untracked 
| 109|0x0000000086d00000, 0x0000000086e00000, 0x0000000086e00000|100%|HS|  |TAMS 0x0000000086d00000| PB 0x0000000086d00000| Complete 
| 110|0x0000000086e00000, 0x0000000086f00000, 0x0000000086f00000|100%|HC|  |TAMS 0x0000000086e00000| PB 0x0000000086e00000| Complete 
| 111|0x0000000086f00000, 0x0000000087000000, 0x0000000087000000|100%|HS|  |TAMS 0x0000000086f00000| PB 0x0000000086f00000| Complete 
| 112|0x0000000087000000, 0x0000000087100000, 0x0000000087100000|100%|HC|  |TAMS 0x0000000087000000| PB 0x0000000087000000| Complete 
| 113|0x0000000087100000, 0x0000000087200000, 0x0000000087200000|100%|HC|  |TAMS 0x0000000087100000| PB 0x0000000087100000| Complete 
| 114|0x0000000087200000, 0x0000000087300000, 0x0000000087300000|100%|HC|  |TAMS 0x0000000087200000| PB 0x0000000087200000| Complete 
| 115|0x0000000087300000, 0x0000000087400000, 0x0000000087400000|100%|HC|  |TAMS 0x0000000087300000| PB 0x0000000087300000| Complete 
| 116|0x0000000087400000, 0x0000000087500000, 0x0000000087500000|100%|HC|  |TAMS 0x0000000087400000| PB 0x0000000087400000| Complete 
| 117|0x0000000087500000, 0x0000000087600000, 0x0000000087600000|100%| O|  |TAMS 0x0000000087500000| PB 0x0000000087500000| Untracked 
| 118|0x0000000087600000, 0x0000000087700000, 0x0000000087700000|100%| O|  |TAMS 0x0000000087600000| PB 0x0000000087600000| Untracked 
| 119|0x0000000087700000, 0x0000000087800000, 0x0000000087800000|100%| O|  |TAMS 0x0000000087700000| PB 0x0000000087700000| Untracked 
| 120|0x0000000087800000, 0x0000000087900000, 0x0000000087900000|100%| O|  |TAMS 0x0000000087800000| PB 0x0000000087800000| Untracked 
| 121|0x0000000087900000, 0x0000000087a00000, 0x0000000087a00000|100%| O|  |TAMS 0x0000000087900000| PB 0x0000000087900000| Untracked 
| 122|0x0000000087a00000, 0x0000000087b00000, 0x0000000087b00000|100%| O|  |TAMS 0x0000000087a00000| PB 0x0000000087a00000| Untracked 
| 123|0x0000000087b00000, 0x0000000087c00000, 0x0000000087c00000|100%| O|  |TAMS 0x0000000087b00000| PB 0x0000000087b00000| Untracked 
| 124|0x0000000087c00000, 0x0000000087d00000, 0x0000000087d00000|100%| O|  |TAMS 0x0000000087c00000| PB 0x0000000087c00000| Untracked 
| 125|0x0000000087d00000, 0x0000000087e00000, 0x0000000087e00000|100%| O|  |TAMS 0x0000000087d00000| PB 0x0000000087d00000| Untracked 
| 126|0x0000000087e00000, 0x0000000087f00000, 0x0000000087f00000|100%| O|  |TAMS 0x0000000087e00000| PB 0x0000000087e00000| Untracked 
| 127|0x0000000087f00000, 0x0000000088000000, 0x0000000088000000|100%| O|  |TAMS 0x0000000087f00000| PB 0x0000000087f00000| Untracked 
| 128|0x0000000088000000, 0x0000000088100000, 0x0000000088100000|100%| O|  |TAMS 0x0000000088000000| PB 0x0000000088000000| Untracked 
| 129|0x0000000088100000, 0x0000000088200000, 0x0000000088200000|100%| O|  |TAMS 0x0000000088100000| PB 0x0000000088100000| Untracked 
| 130|0x0000000088200000, 0x0000000088300000, 0x0000000088300000|100%| O|CS|TAMS 0x0000000088200000| PB 0x0000000088200000| Complete 
| 131|0x0000000088300000, 0x0000000088400000, 0x0000000088400000|100%| O|  |TAMS 0x0000000088300000| PB 0x0000000088300000| Untracked 
| 132|0x0000000088400000, 0x0000000088500000, 0x0000000088500000|100%| O|  |TAMS 0x0000000088400000| PB 0x0000000088400000| Untracked 
| 133|0x0000000088500000, 0x0000000088600000, 0x0000000088600000|100%| O|  |TAMS 0x0000000088500000| PB 0x0000000088500000| Untracked 
| 134|0x0000000088600000, 0x0000000088700000, 0x0000000088700000|100%| O|  |TAMS 0x0000000088600000| PB 0x0000000088600000| Untracked 
| 135|0x0000000088700000, 0x0000000088800000, 0x0000000088800000|100%| O|  |TAMS 0x0000000088700000| PB 0x0000000088700000| Untracked 
| 136|0x0000000088800000, 0x0000000088900000, 0x0000000088900000|100%| O|  |TAMS 0x0000000088800000| PB 0x0000000088800000| Untracked 
| 137|0x0000000088900000, 0x0000000088a00000, 0x0000000088a00000|100%| O|CS|TAMS 0x0000000088900000| PB 0x0000000088900000| Complete 
| 138|0x0000000088a00000, 0x0000000088b00000, 0x0000000088b00000|100%| O|  |TAMS 0x0000000088a00000| PB 0x0000000088a00000| Untracked 
| 139|0x0000000088b00000, 0x0000000088c00000, 0x0000000088c00000|100%| O|  |TAMS 0x0000000088b00000| PB 0x0000000088b00000| Untracked 
| 140|0x0000000088c00000, 0x0000000088d00000, 0x0000000088d00000|100%| O|  |TAMS 0x0000000088c00000| PB 0x0000000088c00000| Untracked 
| 141|0x0000000088d00000, 0x0000000088e00000, 0x0000000088e00000|100%| O|  |TAMS 0x0000000088d00000| PB 0x0000000088d00000| Untracked 
| 142|0x0000000088e00000, 0x0000000088f00000, 0x0000000088f00000|100%| O|  |TAMS 0x0000000088e00000| PB 0x0000000088e00000| Untracked 
| 143|0x0000000088f00000, 0x0000000089000000, 0x0000000089000000|100%| O|  |TAMS 0x0000000088f00000| PB 0x0000000088f00000| Untracked 
| 144|0x0000000089000000, 0x0000000089100000, 0x0000000089100000|100%| O|  |TAMS 0x0000000089000000| PB 0x0000000089000000| Untracked 
| 145|0x0000000089100000, 0x0000000089200000, 0x0000000089200000|100%| O|  |TAMS 0x0000000089100000| PB 0x0000000089100000| Untracked 
| 146|0x0000000089200000, 0x0000000089300000, 0x0000000089300000|100%| O|  |TAMS 0x0000000089200000| PB 0x0000000089200000| Untracked 
| 147|0x0000000089300000, 0x0000000089400000, 0x0000000089400000|100%| O|  |TAMS 0x0000000089300000| PB 0x0000000089300000| Untracked 
| 148|0x0000000089400000, 0x0000000089500000, 0x0000000089500000|100%| O|  |TAMS 0x0000000089400000| PB 0x0000000089400000| Untracked 
| 149|0x0000000089500000, 0x0000000089600000, 0x0000000089600000|100%| O|  |TAMS 0x0000000089500000| PB 0x0000000089500000| Untracked 
| 150|0x0000000089600000, 0x0000000089700000, 0x0000000089700000|100%| O|CS|TAMS 0x0000000089600000| PB 0x0000000089600000| Complete 
| 151|0x0000000089700000, 0x0000000089800000, 0x0000000089800000|100%| O|  |TAMS 0x0000000089700000| PB 0x0000000089700000| Untracked 
| 152|0x0000000089800000, 0x0000000089900000, 0x0000000089900000|100%| O|CS|TAMS 0x0000000089800000| PB 0x0000000089800000| Complete 
| 153|0x0000000089900000, 0x0000000089a00000, 0x0000000089a00000|100%|HS|  |TAMS 0x0000000089900000| PB 0x0000000089900000| Complete 
| 154|0x0000000089a00000, 0x0000000089b00000, 0x0000000089b00000|100%|HS|  |TAMS 0x0000000089a00000| PB 0x0000000089a00000| Complete 
| 155|0x0000000089b00000, 0x0000000089c00000, 0x0000000089c00000|100%| O|CS|TAMS 0x0000000089b00000| PB 0x0000000089b00000| Complete 
| 156|0x0000000089c00000, 0x0000000089d00000, 0x0000000089d00000|100%| O|  |TAMS 0x0000000089c00000| PB 0x0000000089c00000| Untracked 
| 157|0x0000000089d00000, 0x0000000089e00000, 0x0000000089e00000|100%| O|  |TAMS 0x0000000089d00000| PB 0x0000000089d00000| Untracked 
| 158|0x0000000089e00000, 0x0000000089f00000, 0x0000000089f00000|100%| O|  |TAMS 0x0000000089e00000| PB 0x0000000089e00000| Untracked 
| 159|0x0000000089f00000, 0x000000008a000000, 0x000000008a000000|100%| O|  |TAMS 0x0000000089f00000| PB 0x0000000089f00000| Untracked 
| 160|0x000000008a000000, 0x000000008a100000, 0x000000008a100000|100%| O|  |TAMS 0x000000008a000000| PB 0x000000008a000000| Untracked 
| 161|0x000000008a100000, 0x000000008a200000, 0x000000008a200000|100%| O|  |TAMS 0x000000008a100000| PB 0x000000008a100000| Untracked 
| 162|0x000000008a200000, 0x000000008a300000, 0x000000008a300000|100%| O|  |TAMS 0x000000008a200000| PB 0x000000008a200000| Untracked 
| 163|0x000000008a300000, 0x000000008a400000, 0x000000008a400000|100%| O|CS|TAMS 0x000000008a300000| PB 0x000000008a300000| Complete 
| 164|0x000000008a400000, 0x000000008a500000, 0x000000008a500000|100%| O|  |TAMS 0x000000008a400000| PB 0x000000008a400000| Untracked 
| 165|0x000000008a500000, 0x000000008a600000, 0x000000008a600000|100%| O|CS|TAMS 0x000000008a500000| PB 0x000000008a500000| Complete 
| 166|0x000000008a600000, 0x000000008a700000, 0x000000008a700000|100%| O|CS|TAMS 0x000000008a600000| PB 0x000000008a600000| Complete 
| 167|0x000000008a700000, 0x000000008a800000, 0x000000008a800000|100%| O|CS|TAMS 0x000000008a700000| PB 0x000000008a700000| Complete 
| 168|0x000000008a800000, 0x000000008a900000, 0x000000008a900000|100%| O|CS|TAMS 0x000000008a800000| PB 0x000000008a800000| Complete 
| 169|0x000000008a900000, 0x000000008aa00000, 0x000000008aa00000|100%| O|CS|TAMS 0x000000008a900000| PB 0x000000008a900000| Complete 
| 170|0x000000008aa00000, 0x000000008ab00000, 0x000000008ab00000|100%| O|CS|TAMS 0x000000008aa00000| PB 0x000000008aa00000| Complete 
| 171|0x000000008ab00000, 0x000000008ac00000, 0x000000008ac00000|100%| O|  |TAMS 0x000000008ab00000| PB 0x000000008ab00000| Untracked 
| 172|0x000000008ac00000, 0x000000008ad00000, 0x000000008ad00000|100%| O|  |TAMS 0x000000008ac00000| PB 0x000000008ac00000| Untracked 
| 173|0x000000008ad00000, 0x000000008ae00000, 0x000000008ae00000|100%|HS|  |TAMS 0x000000008ad00000| PB 0x000000008ad00000| Complete 
| 174|0x000000008ae00000, 0x000000008af00000, 0x000000008af00000|100%|HC|  |TAMS 0x000000008ae00000| PB 0x000000008ae00000| Complete 
| 175|0x000000008af00000, 0x000000008b000000, 0x000000008b000000|100%|HS|  |TAMS 0x000000008af00000| PB 0x000000008af00000| Complete 
| 176|0x000000008b000000, 0x000000008b100000, 0x000000008b100000|100%|HS|  |TAMS 0x000000008b000000| PB 0x000000008b000000| Complete 
| 177|0x000000008b100000, 0x000000008b200000, 0x000000008b200000|100%| O|CS|TAMS 0x000000008b100000| PB 0x000000008b100000| Complete 
| 178|0x000000008b200000, 0x000000008b300000, 0x000000008b300000|100%| O|  |TAMS 0x000000008b200000| PB 0x000000008b200000| Untracked 
| 179|0x000000008b300000, 0x000000008b400000, 0x000000008b400000|100%| O|CS|TAMS 0x000000008b300000| PB 0x000000008b300000| Complete 
| 180|0x000000008b400000, 0x000000008b500000, 0x000000008b500000|100%|HS|  |TAMS 0x000000008b400000| PB 0x000000008b400000| Complete 
| 181|0x000000008b500000, 0x000000008b600000, 0x000000008b600000|100%|HC|  |TAMS 0x000000008b500000| PB 0x000000008b500000| Complete 
| 182|0x000000008b600000, 0x000000008b700000, 0x000000008b700000|100%|HC|  |TAMS 0x000000008b600000| PB 0x000000008b600000| Complete 
| 183|0x000000008b700000, 0x000000008b800000, 0x000000008b800000|100%|HS|  |TAMS 0x000000008b700000| PB 0x000000008b700000| Complete 
| 184|0x000000008b800000, 0x000000008b900000, 0x000000008b900000|100%|HC|  |TAMS 0x000000008b800000| PB 0x000000008b800000| Complete 
| 185|0x000000008b900000, 0x000000008ba00000, 0x000000008ba00000|100%|HS|  |TAMS 0x000000008b900000| PB 0x000000008b900000| Complete 
| 186|0x000000008ba00000, 0x000000008bb00000, 0x000000008bb00000|100%| O|CS|TAMS 0x000000008ba00000| PB 0x000000008ba00000| Complete 
| 187|0x000000008bb00000, 0x000000008bc00000, 0x000000008bc00000|100%| O|  |TAMS 0x000000008bb00000| PB 0x000000008bb00000| Untracked 
| 188|0x000000008bc00000, 0x000000008bd00000, 0x000000008bd00000|100%| O|  |TAMS 0x000000008bc00000| PB 0x000000008bc00000| Untracked 
| 189|0x000000008bd00000, 0x000000008be00000, 0x000000008be00000|100%|HS|  |TAMS 0x000000008bd00000| PB 0x000000008bd00000| Complete 
| 190|0x000000008be00000, 0x000000008bf00000, 0x000000008bf00000|100%|HC|  |TAMS 0x000000008be00000| PB 0x000000008be00000| Complete 
| 191|0x000000008bf00000, 0x000000008c000000, 0x000000008c000000|100%| O|CS|TAMS 0x000000008bf00000| PB 0x000000008bf00000| Complete 
| 192|0x000000008c000000, 0x000000008c100000, 0x000000008c100000|100%| O|CS|TAMS 0x000000008c000000| PB 0x000000008c000000| Complete 
| 193|0x000000008c100000, 0x000000008c200000, 0x000000008c200000|100%| O|CS|TAMS 0x000000008c100000| PB 0x000000008c100000| Complete 
| 194|0x000000008c200000, 0x000000008c300000, 0x000000008c300000|100%|HS|  |TAMS 0x000000008c200000| PB 0x000000008c200000| Complete 
| 195|0x000000008c300000, 0x000000008c400000, 0x000000008c400000|100%| O|CS|TAMS 0x000000008c300000| PB 0x000000008c300000| Complete 
| 196|0x000000008c400000, 0x000000008c500000, 0x000000008c500000|100%| O|  |TAMS 0x000000008c400000| PB 0x000000008c400000| Untracked 
| 197|0x000000008c500000, 0x000000008c600000, 0x000000008c600000|100%| O|  |TAMS 0x000000008c500000| PB 0x000000008c500000| Untracked 
| 198|0x000000008c600000, 0x000000008c700000, 0x000000008c700000|100%| O|  |TAMS 0x000000008c600000| PB 0x000000008c600000| Untracked 
| 199|0x000000008c700000, 0x000000008c800000, 0x000000008c800000|100%| O|  |TAMS 0x000000008c700000| PB 0x000000008c700000| Untracked 
| 200|0x000000008c800000, 0x000000008c900000, 0x000000008c900000|100%| O|  |TAMS 0x000000008c800000| PB 0x000000008c800000| Untracked 
| 201|0x000000008c900000, 0x000000008ca00000, 0x000000008ca00000|100%| O|  |TAMS 0x000000008c900000| PB 0x000000008c900000| Untracked 
| 202|0x000000008ca00000, 0x000000008cb00000, 0x000000008cb00000|100%| O|  |TAMS 0x000000008ca00000| PB 0x000000008ca00000| Untracked 
| 203|0x000000008cb00000, 0x000000008cc00000, 0x000000008cc00000|100%| O|  |TAMS 0x000000008cb00000| PB 0x000000008cb00000| Untracked 
| 204|0x000000008cc00000, 0x000000008cd00000, 0x000000008cd00000|100%| O|  |TAMS 0x000000008cc00000| PB 0x000000008cc00000| Untracked 
| 205|0x000000008cd00000, 0x000000008ce00000, 0x000000008ce00000|100%| O|  |TAMS 0x000000008cd00000| PB 0x000000008cd00000| Untracked 
| 206|0x000000008ce00000, 0x000000008cf00000, 0x000000008cf00000|100%| O|  |TAMS 0x000000008ce00000| PB 0x000000008ce00000| Untracked 
| 207|0x000000008cf00000, 0x000000008d000000, 0x000000008d000000|100%|HS|  |TAMS 0x000000008cf00000| PB 0x000000008cf00000| Complete 
| 208|0x000000008d000000, 0x000000008d100000, 0x000000008d100000|100%|HC|  |TAMS 0x000000008d000000| PB 0x000000008d000000| Complete 
| 209|0x000000008d100000, 0x000000008d200000, 0x000000008d200000|100%|HS|  |TAMS 0x000000008d100000| PB 0x000000008d100000| Complete 
| 210|0x000000008d200000, 0x000000008d300000, 0x000000008d300000|100%|HC|  |TAMS 0x000000008d200000| PB 0x000000008d200000| Complete 
| 211|0x000000008d300000, 0x000000008d400000, 0x000000008d400000|100%|HS|  |TAMS 0x000000008d300000| PB 0x000000008d300000| Complete 
| 212|0x000000008d400000, 0x000000008d500000, 0x000000008d500000|100%|HC|  |TAMS 0x000000008d400000| PB 0x000000008d400000| Complete 
| 213|0x000000008d500000, 0x000000008d600000, 0x000000008d600000|100%|HC|  |TAMS 0x000000008d500000| PB 0x000000008d500000| Complete 
| 214|0x000000008d600000, 0x000000008d700000, 0x000000008d700000|100%| O|  |TAMS 0x000000008d600000| PB 0x000000008d600000| Untracked 
| 215|0x000000008d700000, 0x000000008d800000, 0x000000008d800000|100%|HS|  |TAMS 0x000000008d700000| PB 0x000000008d700000| Complete 
| 216|0x000000008d800000, 0x000000008d900000, 0x000000008d900000|100%| O|  |TAMS 0x000000008d800000| PB 0x000000008d800000| Untracked 
| 217|0x000000008d900000, 0x000000008da00000, 0x000000008da00000|100%| O|  |TAMS 0x000000008d900000| PB 0x000000008d900000| Untracked 
| 218|0x000000008da00000, 0x000000008db00000, 0x000000008db00000|100%| O|  |TAMS 0x000000008da00000| PB 0x000000008da00000| Untracked 
| 219|0x000000008db00000, 0x000000008dc00000, 0x000000008dc00000|100%|HS|  |TAMS 0x000000008db00000| PB 0x000000008db00000| Complete 
| 220|0x000000008dc00000, 0x000000008dd00000, 0x000000008dd00000|100%|HC|  |TAMS 0x000000008dc00000| PB 0x000000008dc00000| Complete 
| 221|0x000000008dd00000, 0x000000008de00000, 0x000000008de00000|100%| O|  |TAMS 0x000000008dd00000| PB 0x000000008dd00000| Untracked 
| 222|0x000000008de00000, 0x000000008df00000, 0x000000008df00000|100%|HS|  |TAMS 0x000000008de00000| PB 0x000000008de00000| Complete 
| 223|0x000000008df00000, 0x000000008e000000, 0x000000008e000000|100%| O|  |TAMS 0x000000008df00000| PB 0x000000008df00000| Untracked 
| 224|0x000000008e000000, 0x000000008e100000, 0x000000008e100000|100%| O|  |TAMS 0x000000008e000000| PB 0x000000008e000000| Untracked 
| 225|0x000000008e100000, 0x000000008e200000, 0x000000008e200000|100%| O|  |TAMS 0x000000008e100000| PB 0x000000008e100000| Untracked 
| 226|0x000000008e200000, 0x000000008e300000, 0x000000008e300000|100%|HS|  |TAMS 0x000000008e200000| PB 0x000000008e200000| Complete 
| 227|0x000000008e300000, 0x000000008e400000, 0x000000008e400000|100%|HC|  |TAMS 0x000000008e300000| PB 0x000000008e300000| Complete 
| 228|0x000000008e400000, 0x000000008e500000, 0x000000008e500000|100%| O|CS|TAMS 0x000000008e400000| PB 0x000000008e400000| Complete 
| 229|0x000000008e500000, 0x000000008e600000, 0x000000008e600000|100%| O|  |TAMS 0x000000008e500000| PB 0x000000008e500000| Untracked 
| 230|0x000000008e600000, 0x000000008e700000, 0x000000008e700000|100%| O|  |TAMS 0x000000008e600000| PB 0x000000008e600000| Untracked 
| 231|0x000000008e700000, 0x000000008e800000, 0x000000008e800000|100%| O|  |TAMS 0x000000008e700000| PB 0x000000008e700000| Untracked 
| 232|0x000000008e800000, 0x000000008e900000, 0x000000008e900000|100%| O|  |TAMS 0x000000008e800000| PB 0x000000008e800000| Untracked 
| 233|0x000000008e900000, 0x000000008ea00000, 0x000000008ea00000|100%| O|  |TAMS 0x000000008e900000| PB 0x000000008e900000| Untracked 
| 234|0x000000008ea00000, 0x000000008eb00000, 0x000000008eb00000|100%| O|  |TAMS 0x000000008ea00000| PB 0x000000008ea00000| Untracked 
| 235|0x000000008eb00000, 0x000000008ec00000, 0x000000008ec00000|100%|HS|  |TAMS 0x000000008eb00000| PB 0x000000008eb00000| Complete 
| 236|0x000000008ec00000, 0x000000008ed00000, 0x000000008ed00000|100%|HC|  |TAMS 0x000000008ec00000| PB 0x000000008ec00000| Complete 
| 237|0x000000008ed00000, 0x000000008ee00000, 0x000000008ee00000|100%|HC|  |TAMS 0x000000008ed00000| PB 0x000000008ed00000| Complete 
| 238|0x000000008ee00000, 0x000000008ef00000, 0x000000008ef00000|100%| O|  |TAMS 0x000000008ee00000| PB 0x000000008ee00000| Untracked 
| 239|0x000000008ef00000, 0x000000008f000000, 0x000000008f000000|100%| O|  |TAMS 0x000000008ef00000| PB 0x000000008ef00000| Untracked 
| 240|0x000000008f000000, 0x000000008f100000, 0x000000008f100000|100%| O|  |TAMS 0x000000008f000000| PB 0x000000008f000000| Untracked 
| 241|0x000000008f100000, 0x000000008f200000, 0x000000008f200000|100%| O|  |TAMS 0x000000008f100000| PB 0x000000008f100000| Untracked 
| 242|0x000000008f200000, 0x000000008f300000, 0x000000008f300000|100%| O|  |TAMS 0x000000008f200000| PB 0x000000008f200000| Untracked 
| 243|0x000000008f300000, 0x000000008f400000, 0x000000008f400000|100%| E|CS|TAMS 0x000000008f300000| PB 0x000000008f300000| Complete 
| 244|0x000000008f400000, 0x000000008f500000, 0x000000008f500000|100%| E|CS|TAMS 0x000000008f400000| PB 0x000000008f400000| Complete 
| 245|0x000000008f500000, 0x000000008f600000, 0x000000008f600000|100%| E|CS|TAMS 0x000000008f500000| PB 0x000000008f500000| Complete 
| 246|0x000000008f600000, 0x000000008f700000, 0x000000008f700000|100%| E|CS|TAMS 0x000000008f600000| PB 0x000000008f600000| Complete 
| 247|0x000000008f700000, 0x000000008f800000, 0x000000008f800000|100%| E|CS|TAMS 0x000000008f700000| PB 0x000000008f700000| Complete 
| 248|0x000000008f800000, 0x000000008f900000, 0x000000008f900000|100%| E|CS|TAMS 0x000000008f800000| PB 0x000000008f800000| Complete 
| 249|0x000000008f900000, 0x000000008fa00000, 0x000000008fa00000|100%| E|CS|TAMS 0x000000008f900000| PB 0x000000008f900000| Complete 
| 250|0x000000008fa00000, 0x000000008fb00000, 0x000000008fb00000|100%| E|CS|TAMS 0x000000008fa00000| PB 0x000000008fa00000| Complete 
| 251|0x000000008fb00000, 0x000000008fc00000, 0x000000008fc00000|100%| S|  |TAMS 0x000000008fb00000| PB 0x000000008fb00000| Complete 
| 252|0x000000008fc00000, 0x000000008fd00000, 0x000000008fd00000|100%| S|  |TAMS 0x000000008fc00000| PB 0x000000008fc00000| Complete 
| 253|0x000000008fd00000, 0x000000008fe00000, 0x000000008fe00000|100%| S|  |TAMS 0x000000008fd00000| PB 0x000000008fd00000| Complete 
| 254|0x000000008fe00000, 0x000000008ff00000, 0x000000008ff00000|100%| S|  |TAMS 0x000000008fe00000| PB 0x000000008fe00000| Complete 
| 255|0x000000008ff00000, 0x0000000090000000, 0x0000000090000000|100%| S|  |TAMS 0x000000008ff00000| PB 0x000000008ff00000| Complete 
| 256|0x0000000090000000, 0x0000000090100000, 0x0000000090100000|100%| S|  |TAMS 0x0000000090000000| PB 0x0000000090000000| Complete 
| 257|0x0000000090100000, 0x0000000090200000, 0x0000000090200000|100%| S|  |TAMS 0x0000000090100000| PB 0x0000000090100000| Complete 
| 258|0x0000000090200000, 0x0000000090300000, 0x0000000090300000|100%| S|  |TAMS 0x0000000090200000| PB 0x0000000090200000| Complete 
| 259|0x0000000090300000, 0x0000000090400000, 0x0000000090400000|100%| S|  |TAMS 0x0000000090300000| PB 0x0000000090300000| Complete 
| 260|0x0000000090400000, 0x0000000090500000, 0x0000000090500000|100%| S|  |TAMS 0x0000000090400000| PB 0x0000000090400000| Complete 
| 261|0x0000000090500000, 0x0000000090600000, 0x0000000090600000|100%| S|  |TAMS 0x0000000090500000| PB 0x0000000090500000| Complete 
| 262|0x0000000090600000, 0x0000000090700000, 0x0000000090700000|100%| S|  |TAMS 0x0000000090600000| PB 0x0000000090600000| Complete 
| 263|0x0000000090700000, 0x0000000090800000, 0x0000000090800000|100%| S|  |TAMS 0x0000000090700000| PB 0x0000000090700000| Complete 
| 264|0x0000000090800000, 0x0000000090900000, 0x0000000090900000|100%| S|  |TAMS 0x0000000090800000| PB 0x0000000090800000| Complete 
| 265|0x0000000090900000, 0x0000000090a00000, 0x0000000090a00000|100%| S|  |TAMS 0x0000000090900000| PB 0x0000000090900000| Complete 
| 266|0x0000000090a00000, 0x0000000090b00000, 0x0000000090b00000|100%| S|  |TAMS 0x0000000090a00000| PB 0x0000000090a00000| Complete 
| 267|0x0000000090b00000, 0x0000000090c00000, 0x0000000090c00000|100%| E|CS|TAMS 0x0000000090b00000| PB 0x0000000090b00000| Complete 
| 268|0x0000000090c00000, 0x0000000090d00000, 0x0000000090d00000|100%| E|CS|TAMS 0x0000000090c00000| PB 0x0000000090c00000| Complete 
| 269|0x0000000090d00000, 0x0000000090e00000, 0x0000000090e00000|100%| E|CS|TAMS 0x0000000090d00000| PB 0x0000000090d00000| Complete 
| 270|0x0000000090e00000, 0x0000000090f00000, 0x0000000090f00000|100%| E|CS|TAMS 0x0000000090e00000| PB 0x0000000090e00000| Complete 
| 271|0x0000000090f00000, 0x0000000091000000, 0x0000000091000000|100%| E|CS|TAMS 0x0000000090f00000| PB 0x0000000090f00000| Complete 
| 272|0x0000000091000000, 0x0000000091100000, 0x0000000091100000|100%| E|CS|TAMS 0x0000000091000000| PB 0x0000000091000000| Complete 
| 273|0x0000000091100000, 0x0000000091200000, 0x0000000091200000|100%| E|CS|TAMS 0x0000000091100000| PB 0x0000000091100000| Complete 
| 274|0x0000000091200000, 0x0000000091300000, 0x0000000091300000|100%| E|CS|TAMS 0x0000000091200000| PB 0x0000000091200000| Complete 
| 275|0x0000000091300000, 0x0000000091400000, 0x0000000091400000|100%| E|CS|TAMS 0x0000000091300000| PB 0x0000000091300000| Complete 
| 276|0x0000000091400000, 0x0000000091500000, 0x0000000091500000|100%| E|CS|TAMS 0x0000000091400000| PB 0x0000000091400000| Complete 
| 277|0x0000000091500000, 0x0000000091600000, 0x0000000091600000|100%| E|CS|TAMS 0x0000000091500000| PB 0x0000000091500000| Complete 
| 278|0x0000000091600000, 0x0000000091700000, 0x0000000091700000|100%| E|CS|TAMS 0x0000000091600000| PB 0x0000000091600000| Complete 
| 279|0x0000000091700000, 0x0000000091800000, 0x0000000091800000|100%| E|CS|TAMS 0x0000000091700000| PB 0x0000000091700000| Complete 
| 280|0x0000000091800000, 0x0000000091900000, 0x0000000091900000|100%| E|CS|TAMS 0x0000000091800000| PB 0x0000000091800000| Complete 
| 281|0x0000000091900000, 0x0000000091a00000, 0x0000000091a00000|100%| E|CS|TAMS 0x0000000091900000| PB 0x0000000091900000| Complete 
| 282|0x0000000091a00000, 0x0000000091b00000, 0x0000000091b00000|100%| E|CS|TAMS 0x0000000091a00000| PB 0x0000000091a00000| Complete 
| 283|0x0000000091b00000, 0x0000000091c00000, 0x0000000091c00000|100%| E|CS|TAMS 0x0000000091b00000| PB 0x0000000091b00000| Complete 
| 284|0x0000000091c00000, 0x0000000091d00000, 0x0000000091d00000|100%| E|CS|TAMS 0x0000000091c00000| PB 0x0000000091c00000| Complete 
| 285|0x0000000091d00000, 0x0000000091e00000, 0x0000000091e00000|100%| E|CS|TAMS 0x0000000091d00000| PB 0x0000000091d00000| Complete 
| 286|0x0000000091e00000, 0x0000000091f00000, 0x0000000091f00000|100%| E|CS|TAMS 0x0000000091e00000| PB 0x0000000091e00000| Complete 
| 287|0x0000000091f00000, 0x0000000092000000, 0x0000000092000000|100%| E|CS|TAMS 0x0000000091f00000| PB 0x0000000091f00000| Complete 
| 288|0x0000000092000000, 0x0000000092100000, 0x0000000092100000|100%| E|CS|TAMS 0x0000000092000000| PB 0x0000000092000000| Complete 
| 289|0x0000000092100000, 0x0000000092200000, 0x0000000092200000|100%| E|CS|TAMS 0x0000000092100000| PB 0x0000000092100000| Complete 
| 290|0x0000000092200000, 0x0000000092300000, 0x0000000092300000|100%| E|CS|TAMS 0x0000000092200000| PB 0x0000000092200000| Complete 
| 291|0x0000000092300000, 0x0000000092400000, 0x0000000092400000|100%| E|CS|TAMS 0x0000000092300000| PB 0x0000000092300000| Complete 
| 292|0x0000000092400000, 0x0000000092500000, 0x0000000092500000|100%| E|CS|TAMS 0x0000000092400000| PB 0x0000000092400000| Complete 
| 293|0x0000000092500000, 0x0000000092600000, 0x0000000092600000|100%| E|CS|TAMS 0x0000000092500000| PB 0x0000000092500000| Complete 
| 294|0x0000000092600000, 0x0000000092700000, 0x0000000092700000|100%| E|CS|TAMS 0x0000000092600000| PB 0x0000000092600000| Complete 
| 295|0x0000000092700000, 0x0000000092800000, 0x0000000092800000|100%| E|CS|TAMS 0x0000000092700000| PB 0x0000000092700000| Complete 
| 296|0x0000000092800000, 0x0000000092900000, 0x0000000092900000|100%| E|CS|TAMS 0x0000000092800000| PB 0x0000000092800000| Complete 
| 297|0x0000000092900000, 0x0000000092a00000, 0x0000000092a00000|100%| E|CS|TAMS 0x0000000092900000| PB 0x0000000092900000| Complete 
| 298|0x0000000092a00000, 0x0000000092b00000, 0x0000000092b00000|100%| E|CS|TAMS 0x0000000092a00000| PB 0x0000000092a00000| Complete 
| 299|0x0000000092b00000, 0x0000000092c00000, 0x0000000092c00000|100%| E|CS|TAMS 0x0000000092b00000| PB 0x0000000092b00000| Complete 
| 300|0x0000000092c00000, 0x0000000092d00000, 0x0000000092d00000|100%| E|CS|TAMS 0x0000000092c00000| PB 0x0000000092c00000| Complete 
| 301|0x0000000092d00000, 0x0000000092e00000, 0x0000000092e00000|100%| E|CS|TAMS 0x0000000092d00000| PB 0x0000000092d00000| Complete 
| 302|0x0000000092e00000, 0x0000000092f00000, 0x0000000092f00000|100%| E|CS|TAMS 0x0000000092e00000| PB 0x0000000092e00000| Complete 
| 303|0x0000000092f00000, 0x0000000093000000, 0x0000000093000000|100%| E|CS|TAMS 0x0000000092f00000| PB 0x0000000092f00000| Complete 
| 304|0x0000000093000000, 0x0000000093100000, 0x0000000093100000|100%| E|CS|TAMS 0x0000000093000000| PB 0x0000000093000000| Complete 
| 305|0x0000000093100000, 0x0000000093200000, 0x0000000093200000|100%| E|CS|TAMS 0x0000000093100000| PB 0x0000000093100000| Complete 
| 306|0x0000000093200000, 0x0000000093300000, 0x0000000093300000|100%| E|CS|TAMS 0x0000000093200000| PB 0x0000000093200000| Complete 
| 307|0x0000000093300000, 0x0000000093400000, 0x0000000093400000|100%| E|CS|TAMS 0x0000000093300000| PB 0x0000000093300000| Complete 
| 308|0x0000000093400000, 0x0000000093500000, 0x0000000093500000|100%| E|CS|TAMS 0x0000000093400000| PB 0x0000000093400000| Complete 
| 309|0x0000000093500000, 0x0000000093600000, 0x0000000093600000|100%| E|CS|TAMS 0x0000000093500000| PB 0x0000000093500000| Complete 
| 310|0x0000000093600000, 0x0000000093700000, 0x0000000093700000|100%| E|CS|TAMS 0x0000000093600000| PB 0x0000000093600000| Complete 
| 311|0x0000000093700000, 0x0000000093800000, 0x0000000093800000|100%| E|CS|TAMS 0x0000000093700000| PB 0x0000000093700000| Complete 
| 312|0x0000000093800000, 0x0000000093900000, 0x0000000093900000|100%| E|CS|TAMS 0x0000000093800000| PB 0x0000000093800000| Complete 
| 313|0x0000000093900000, 0x0000000093a00000, 0x0000000093a00000|100%| E|CS|TAMS 0x0000000093900000| PB 0x0000000093900000| Complete 
| 314|0x0000000093a00000, 0x0000000093b00000, 0x0000000093b00000|100%| E|CS|TAMS 0x0000000093a00000| PB 0x0000000093a00000| Complete 
| 315|0x0000000093b00000, 0x0000000093c00000, 0x0000000093c00000|100%| E|CS|TAMS 0x0000000093b00000| PB 0x0000000093b00000| Complete 
| 316|0x0000000093c00000, 0x0000000093d00000, 0x0000000093d00000|100%| E|CS|TAMS 0x0000000093c00000| PB 0x0000000093c00000| Complete 
| 317|0x0000000093d00000, 0x0000000093e00000, 0x0000000093e00000|100%| E|CS|TAMS 0x0000000093d00000| PB 0x0000000093d00000| Complete 
| 318|0x0000000093e00000, 0x0000000093f00000, 0x0000000093f00000|100%| E|CS|TAMS 0x0000000093e00000| PB 0x0000000093e00000| Complete 
| 319|0x0000000093f00000, 0x0000000094000000, 0x0000000094000000|100%| E|CS|TAMS 0x0000000093f00000| PB 0x0000000093f00000| Complete 
| 320|0x0000000094000000, 0x0000000094100000, 0x0000000094100000|100%| E|CS|TAMS 0x0000000094000000| PB 0x0000000094000000| Complete 
| 321|0x0000000094100000, 0x0000000094200000, 0x0000000094200000|100%| E|CS|TAMS 0x0000000094100000| PB 0x0000000094100000| Complete 
| 322|0x0000000094200000, 0x0000000094300000, 0x0000000094300000|100%| E|CS|TAMS 0x0000000094200000| PB 0x0000000094200000| Complete 
| 323|0x0000000094300000, 0x0000000094400000, 0x0000000094400000|100%| E|CS|TAMS 0x0000000094300000| PB 0x0000000094300000| Complete 
| 324|0x0000000094400000, 0x0000000094500000, 0x0000000094500000|100%| E|CS|TAMS 0x0000000094400000| PB 0x0000000094400000| Complete 
| 325|0x0000000094500000, 0x0000000094600000, 0x0000000094600000|100%| E|CS|TAMS 0x0000000094500000| PB 0x0000000094500000| Complete 
| 326|0x0000000094600000, 0x0000000094700000, 0x0000000094700000|100%| E|CS|TAMS 0x0000000094600000| PB 0x0000000094600000| Complete 
| 327|0x0000000094700000, 0x0000000094800000, 0x0000000094800000|100%| E|CS|TAMS 0x0000000094700000| PB 0x0000000094700000| Complete 
| 328|0x0000000094800000, 0x0000000094900000, 0x0000000094900000|100%| E|CS|TAMS 0x0000000094800000| PB 0x0000000094800000| Complete 
| 329|0x0000000094900000, 0x0000000094a00000, 0x0000000094a00000|100%| E|CS|TAMS 0x0000000094900000| PB 0x0000000094900000| Complete 
| 330|0x0000000094a00000, 0x0000000094b00000, 0x0000000094b00000|100%| E|CS|TAMS 0x0000000094a00000| PB 0x0000000094a00000| Complete 
| 331|0x0000000094b00000, 0x0000000094c00000, 0x0000000094c00000|100%| E|CS|TAMS 0x0000000094b00000| PB 0x0000000094b00000| Complete 
| 332|0x0000000094c00000, 0x0000000094d00000, 0x0000000094d00000|100%| E|CS|TAMS 0x0000000094c00000| PB 0x0000000094c00000| Complete 
| 333|0x0000000094d00000, 0x0000000094e00000, 0x0000000094e00000|100%| E|CS|TAMS 0x0000000094d00000| PB 0x0000000094d00000| Complete 
| 334|0x0000000094e00000, 0x0000000094f00000, 0x0000000094f00000|100%| E|CS|TAMS 0x0000000094e00000| PB 0x0000000094e00000| Complete 
| 335|0x0000000094f00000, 0x0000000095000000, 0x0000000095000000|100%| E|CS|TAMS 0x0000000094f00000| PB 0x0000000094f00000| Complete 
| 336|0x0000000095000000, 0x0000000095100000, 0x0000000095100000|100%| E|CS|TAMS 0x0000000095000000| PB 0x0000000095000000| Complete 
| 337|0x0000000095100000, 0x0000000095200000, 0x0000000095200000|100%| E|CS|TAMS 0x0000000095100000| PB 0x0000000095100000| Complete 
| 338|0x0000000095200000, 0x0000000095300000, 0x0000000095300000|100%| E|CS|TAMS 0x0000000095200000| PB 0x0000000095200000| Complete 
| 339|0x0000000095300000, 0x0000000095400000, 0x0000000095400000|100%| E|CS|TAMS 0x0000000095300000| PB 0x0000000095300000| Complete 
| 340|0x0000000095400000, 0x0000000095500000, 0x0000000095500000|100%| E|CS|TAMS 0x0000000095400000| PB 0x0000000095400000| Complete 
| 341|0x0000000095500000, 0x0000000095600000, 0x0000000095600000|100%| E|CS|TAMS 0x0000000095500000| PB 0x0000000095500000| Complete 
| 342|0x0000000095600000, 0x0000000095700000, 0x0000000095700000|100%| E|CS|TAMS 0x0000000095600000| PB 0x0000000095600000| Complete 
| 343|0x0000000095700000, 0x0000000095800000, 0x0000000095800000|100%| E|CS|TAMS 0x0000000095700000| PB 0x0000000095700000| Complete 
| 344|0x0000000095800000, 0x0000000095900000, 0x0000000095900000|100%| E|CS|TAMS 0x0000000095800000| PB 0x0000000095800000| Complete 
| 345|0x0000000095900000, 0x0000000095a00000, 0x0000000095a00000|100%| E|CS|TAMS 0x0000000095900000| PB 0x0000000095900000| Complete 
| 346|0x0000000095a00000, 0x0000000095b00000, 0x0000000095b00000|100%| E|CS|TAMS 0x0000000095a00000| PB 0x0000000095a00000| Complete 
| 347|0x0000000095b00000, 0x0000000095c00000, 0x0000000095c00000|100%| E|CS|TAMS 0x0000000095b00000| PB 0x0000000095b00000| Complete 
| 348|0x0000000095c00000, 0x0000000095d00000, 0x0000000095d00000|100%| E|CS|TAMS 0x0000000095c00000| PB 0x0000000095c00000| Complete 
| 349|0x0000000095d00000, 0x0000000095e00000, 0x0000000095e00000|100%| E|CS|TAMS 0x0000000095d00000| PB 0x0000000095d00000| Complete 
| 350|0x0000000095e00000, 0x0000000095f00000, 0x0000000095f00000|100%| E|CS|TAMS 0x0000000095e00000| PB 0x0000000095e00000| Complete 
| 351|0x0000000095f00000, 0x0000000096000000, 0x0000000096000000|100%| E|CS|TAMS 0x0000000095f00000| PB 0x0000000095f00000| Complete 
| 352|0x0000000096000000, 0x0000000096100000, 0x0000000096100000|100%| E|CS|TAMS 0x0000000096000000| PB 0x0000000096000000| Complete 
| 353|0x0000000096100000, 0x0000000096200000, 0x0000000096200000|100%| E|CS|TAMS 0x0000000096100000| PB 0x0000000096100000| Complete 
| 354|0x0000000096200000, 0x0000000096300000, 0x0000000096300000|100%| E|CS|TAMS 0x0000000096200000| PB 0x0000000096200000| Complete 
| 355|0x0000000096300000, 0x0000000096400000, 0x0000000096400000|100%| E|CS|TAMS 0x0000000096300000| PB 0x0000000096300000| Complete 
| 356|0x0000000096400000, 0x0000000096500000, 0x0000000096500000|100%| E|CS|TAMS 0x0000000096400000| PB 0x0000000096400000| Complete 
| 357|0x0000000096500000, 0x0000000096600000, 0x0000000096600000|100%| E|CS|TAMS 0x0000000096500000| PB 0x0000000096500000| Complete 
| 358|0x0000000096600000, 0x0000000096700000, 0x0000000096700000|100%| E|CS|TAMS 0x0000000096600000| PB 0x0000000096600000| Complete 
| 359|0x0000000096700000, 0x0000000096800000, 0x0000000096800000|100%| E|CS|TAMS 0x0000000096700000| PB 0x0000000096700000| Complete 
| 360|0x0000000096800000, 0x0000000096900000, 0x0000000096900000|100%| E|CS|TAMS 0x0000000096800000| PB 0x0000000096800000| Complete 
| 361|0x0000000096900000, 0x0000000096a00000, 0x0000000096a00000|100%| E|CS|TAMS 0x0000000096900000| PB 0x0000000096900000| Complete 
| 362|0x0000000096a00000, 0x0000000096b00000, 0x0000000096b00000|100%| E|CS|TAMS 0x0000000096a00000| PB 0x0000000096a00000| Complete 
| 363|0x0000000096b00000, 0x0000000096c00000, 0x0000000096c00000|100%| E|CS|TAMS 0x0000000096b00000| PB 0x0000000096b00000| Complete 
| 364|0x0000000096c00000, 0x0000000096d00000, 0x0000000096d00000|100%| E|CS|TAMS 0x0000000096c00000| PB 0x0000000096c00000| Complete 
| 365|0x0000000096d00000, 0x0000000096d90250, 0x0000000096e00000| 56%| E|CS|TAMS 0x0000000096d00000| PB 0x0000000096d00000| Complete 
|2023|0x00000000fe700000, 0x00000000fe800000, 0x00000000fe800000|100%| O|CS|TAMS 0x00000000fe700000| PB 0x00000000fe700000| Complete 
|2024|0x00000000fe800000, 0x00000000fe900000, 0x00000000fe900000|100%| O|CS|TAMS 0x00000000fe800000| PB 0x00000000fe800000| Complete 
|2025|0x00000000fe900000, 0x00000000fea00000, 0x00000000fea00000|100%| O|CS|TAMS 0x00000000fe900000| PB 0x00000000fe900000| Complete 
|2026|0x00000000fea00000, 0x00000000feb00000, 0x00000000feb00000|100%| E|CS|TAMS 0x00000000fea00000| PB 0x00000000fea00000| Complete 
|2027|0x00000000feb00000, 0x00000000fec00000, 0x00000000fec00000|100%| E|CS|TAMS 0x00000000feb00000| PB 0x00000000feb00000| Complete 
|2028|0x00000000fec00000, 0x00000000fed00000, 0x00000000fed00000|100%| E|CS|TAMS 0x00000000fec00000| PB 0x00000000fec00000| Complete 
|2029|0x00000000fed00000, 0x00000000fee00000, 0x00000000fee00000|100%| E|CS|TAMS 0x00000000fed00000| PB 0x00000000fed00000| Complete 
|2030|0x00000000fee00000, 0x00000000fef00000, 0x00000000fef00000|100%| E|CS|TAMS 0x00000000fee00000| PB 0x00000000fee00000| Complete 
|2031|0x00000000fef00000, 0x00000000ff000000, 0x00000000ff000000|100%| E|CS|TAMS 0x00000000fef00000| PB 0x00000000fef00000| Complete 
|2032|0x00000000ff000000, 0x00000000ff100000, 0x00000000ff100000|100%| E|CS|TAMS 0x00000000ff000000| PB 0x00000000ff000000| Complete 
|2033|0x00000000ff100000, 0x00000000ff200000, 0x00000000ff200000|100%| E|CS|TAMS 0x00000000ff100000| PB 0x00000000ff100000| Complete 
|2034|0x00000000ff200000, 0x00000000ff300000, 0x00000000ff300000|100%| O|  |TAMS 0x00000000ff200000| PB 0x00000000ff200000| Untracked 
|2035|0x00000000ff300000, 0x00000000ff400000, 0x00000000ff400000|100%| O|  |TAMS 0x00000000ff300000| PB 0x00000000ff300000| Untracked 
|2036|0x00000000ff400000, 0x00000000ff500000, 0x00000000ff500000|100%| O|  |TAMS 0x00000000ff400000| PB 0x00000000ff400000| Untracked 
|2037|0x00000000ff500000, 0x00000000ff600000, 0x00000000ff600000|100%| E|CS|TAMS 0x00000000ff500000| PB 0x00000000ff500000| Complete 
|2038|0x00000000ff600000, 0x00000000ff700000, 0x00000000ff700000|100%| E|CS|TAMS 0x00000000ff600000| PB 0x00000000ff600000| Complete 
|2039|0x00000000ff700000, 0x00000000ff800000, 0x00000000ff800000|100%| E|CS|TAMS 0x00000000ff700000| PB 0x00000000ff700000| Complete 
|2040|0x00000000ff800000, 0x00000000ff900000, 0x00000000ff900000|100%| E|CS|TAMS 0x00000000ff800000| PB 0x00000000ff800000| Complete 
|2041|0x00000000ff900000, 0x00000000ffa00000, 0x00000000ffa00000|100%| E|CS|TAMS 0x00000000ff900000| PB 0x00000000ff900000| Complete 
|2042|0x00000000ffa00000, 0x00000000ffb00000, 0x00000000ffb00000|100%| O|  |TAMS 0x00000000ffa00000| PB 0x00000000ffa00000| Untracked 
|2043|0x00000000ffb00000, 0x00000000ffc00000, 0x00000000ffc00000|100%| O|  |TAMS 0x00000000ffb00000| PB 0x00000000ffb00000| Untracked 
|2044|0x00000000ffc00000, 0x00000000ffd00000, 0x00000000ffd00000|100%| E|CS|TAMS 0x00000000ffc00000| PB 0x00000000ffc00000| Complete 
|2045|0x00000000ffd00000, 0x00000000ffe00000, 0x00000000ffe00000|100%| E|CS|TAMS 0x00000000ffd00000| PB 0x00000000ffd00000| Complete 
|2046|0x00000000ffe00000, 0x00000000fff00000, 0x00000000fff00000|100%| O|  |TAMS 0x00000000ffe00000| PB 0x00000000ffe00000| Untracked 
|2047|0x00000000fff00000, 0x0000000100000000, 0x0000000100000000|100%| O|  |TAMS 0x00000000fff00000| PB 0x00000000fff00000| Untracked 

Card table byte_map: [0x000002089c020000,0x000002089c420000] _byte_map_base: 0x000002089bc20000

Marking Bits: (CMBitMap*) 0x00000208878d6d20
 Bits: [0x000002089c420000, 0x000002089e420000)

Polling page: 0x0000020887940000

Metaspace:

Usage:
  Non-class:    131.19 MB used.
      Class:     19.46 MB used.
       Both:    150.65 MB used.

Virtual space:
  Non-class space:      192.00 MB reserved,     132.44 MB ( 69%) committed,  3 nodes.
      Class space:        1.00 GB reserved,      20.75 MB (  2%) committed,  1 nodes.
             Both:        1.19 GB reserved,     153.19 MB ( 13%) committed. 

Chunk freelists:
   Non-Class:  11.23 MB
       Class:  11.25 MB
        Both:  22.48 MB

MaxMetaspaceSize: unlimited
CompressedClassSpaceSize: 1.00 GB
Initial GC threshold: 21.00 MB
Current GC threshold: 240.56 MB
CDS: off
 - commit_granule_bytes: 65536.
 - commit_granule_words: 8192.
 - virtual_space_node_default_size: 8388608.
 - enlarge_chunks_in_place: 1.
 - use_allocation_guard: 0.


Internal statistics:

num_allocs_failed_limit: 6.
num_arena_births: 4910.
num_arena_deaths: 0.
num_vsnodes_births: 4.
num_vsnodes_deaths: 0.
num_space_committed: 2444.
num_space_uncommitted: 0.
num_chunks_returned_to_freelist: 6.
num_chunks_taken_from_freelist: 11544.
num_chunk_merges: 6.
num_chunk_splits: 7600.
num_chunks_enlarged: 4798.
num_inconsistent_stats: 0.

CodeHeap 'non-profiled nmethods': size=120000Kb used=12011Kb max_used=12552Kb free=107988Kb
 bounds [0x0000020893c90000, 0x00000208948f0000, 0x000002089b1c0000]
CodeHeap 'profiled nmethods': size=120000Kb used=27847Kb max_used=30210Kb free=92152Kb
 bounds [0x000002088c1c0000, 0x000002088df50000, 0x00000208936f0000]
CodeHeap 'non-nmethods': size=5760Kb used=3300Kb max_used=3339Kb free=2460Kb
 bounds [0x00000208936f0000, 0x0000020893a50000, 0x0000020893c90000]
 total_blobs=15464 nmethods=14387 adapters=981
 compilation: enabled
              stopped_count=0, restarted_count=0
 full_count=0

Compilation events (20 events):
Event: 861.684 Thread 0x00000208a10d6f70 nmethod 23141 0x000002088c8f3d90 code [0x000002088c8f3f20, 0x000002088c8f4040]
Event: 861.684 Thread 0x00000208a10d6f70 23142       3       com.android.tools.r8.internal.vo::hashCode (21 bytes)
Event: 861.684 Thread 0x00000208a10d6f70 nmethod 23142 0x000002088c5f5f10 code [0x000002088c5f60c0, 0x000002088c5f62c8]
Event: 861.686 Thread 0x00000208a10d6f70 23144       3       com.android.tools.r8.graph.m1::isEqualTo (9 bytes)
Event: 861.686 Thread 0x00000208a10d6f70 nmethod 23144 0x000002088c64f210 code [0x000002088c64f3c0, 0x000002088c64f6b0]
Event: 861.686 Thread 0x00000208a10d6f70 23146       3       com.android.tools.r8.internal.yu::a (59 bytes)
Event: 861.686 Thread 0x00000208a10d6f70 nmethod 23146 0x000002088c64eb10 code [0x000002088c64ece0, 0x000002088c64f0f0]
Event: 861.686 Thread 0x00000208a10d6f70 23143       2       com.android.tools.r8.graph.q3::a (132 bytes)
Event: 861.688 Thread 0x00000208a10d6f70 nmethod 23143 0x000002088c78b490 code [0x000002088c78b6a0, 0x000002088c78bca0]
Event: 861.694 Thread 0x00000208a10d6f70 23148       3       com.android.tools.r8.dex.C::e (15 bytes)
Event: 861.695 Thread 0x00000208a10d6f70 nmethod 23148 0x000002088cbb0c90 code [0x000002088cbb0ea0, 0x000002088cbb1518]
Event: 861.695 Thread 0x00000208a10d6f70 23147       2       com.android.tools.r8.internal.Kn::<init> (7 bytes)
Event: 861.696 Thread 0x00000208a10d6f70 nmethod 23147 0x000002088c64e690 code [0x000002088c64e820, 0x000002088c64e940]
Event: 861.696 Thread 0x00000208a10d6f70 23149       2       com.android.tools.r8.internal.Oq::<init> (7 bytes)
Event: 861.696 Thread 0x00000208a10d6f70 nmethod 23149 0x000002088c5f5a10 code [0x000002088c5f5ba0, 0x000002088c5f5cc0]
Event: 861.696 Thread 0x00000208a10d6f70 23150       2       com.android.tools.r8.internal.Pq::hashCode (30 bytes)
Event: 861.696 Thread 0x00000208a10d6f70 nmethod 23150 0x000002088c78af90 code [0x000002088c78b120, 0x000002088c78b268]
Event: 861.696 Thread 0x00000208a10d6f70 23152       3       com.android.tools.r8.internal.Jo::hashCode (31 bytes)
Event: 861.697 Thread 0x00000208a10d6f70 nmethod 23152 0x000002088cbb0690 code [0x000002088cbb0840, 0x000002088cbb0ab0]
Event: 861.697 Thread 0x00000208a10d6f70 23153       2       com.android.tools.r8.graph.M4::a (160 bytes)

GC Heap History (20 events):
Event: 443.625 GC heap after
{Heap after GC invocations=62 (full 0):
 garbage-first heap   total 301056K, used 188103K [0x0000000080000000, 0x0000000100000000)
  region size 1024K, 12 young (12288K), 12 survivors (12288K)
 Metaspace       used 129835K, committed 132160K, reserved 1179648K
  class space    used 16782K, committed 17984K, reserved 1048576K
}
Event: 844.104 GC heap before
{Heap before GC invocations=62 (full 0):
 garbage-first heap   total 301056K, used 270023K [0x0000000080000000, 0x0000000100000000)
  region size 1024K, 93 young (95232K), 12 survivors (12288K)
 Metaspace       used 130523K, committed 132864K, reserved 1179648K
  class space    used 16864K, committed 18048K, reserved 1048576K
}
Event: 844.132 GC heap after
{Heap after GC invocations=63 (full 0):
 garbage-first heap   total 301056K, used 182096K [0x0000000080000000, 0x0000000100000000)
  region size 1024K, 6 young (6144K), 6 survivors (6144K)
 Metaspace       used 130523K, committed 132864K, reserved 1179648K
  class space    used 16864K, committed 18048K, reserved 1048576K
}
Event: 846.897 GC heap before
{Heap before GC invocations=63 (full 0):
 garbage-first heap   total 301056K, used 277328K [0x0000000080000000, 0x0000000100000000)
  region size 1024K, 100 young (102400K), 6 survivors (6144K)
 Metaspace       used 135559K, committed 138112K, reserved 1179648K
  class space    used 17575K, committed 18880K, reserved 1048576K
}
Event: 846.935 GC heap after
{Heap after GC invocations=64 (full 0):
 garbage-first heap   total 301056K, used 190964K [0x0000000080000000, 0x0000000100000000)
  region size 1024K, 13 young (13312K), 13 survivors (13312K)
 Metaspace       used 135559K, committed 138112K, reserved 1179648K
  class space    used 17575K, committed 18880K, reserved 1048576K
}
Event: 850.669 GC heap before
{Heap before GC invocations=65 (full 0):
 garbage-first heap   total 319488K, used 285172K [0x0000000080000000, 0x0000000100000000)
  region size 1024K, 90 young (92160K), 13 survivors (13312K)
 Metaspace       used 136240K, committed 138688K, reserved 1179648K
  class space    used 17621K, committed 18880K, reserved 1048576K
}
Event: 850.709 GC heap after
{Heap after GC invocations=66 (full 0):
 garbage-first heap   total 327680K, used 221174K [0x0000000080000000, 0x0000000100000000)
  region size 1024K, 12 young (12288K), 12 survivors (12288K)
 Metaspace       used 136240K, committed 138688K, reserved 1179648K
  class space    used 17621K, committed 18880K, reserved 1048576K
}
Event: 851.893 GC heap before
{Heap before GC invocations=66 (full 0):
 garbage-first heap   total 327680K, used 305142K [0x0000000080000000, 0x0000000100000000)
  region size 1024K, 80 young (81920K), 12 survivors (12288K)
 Metaspace       used 137838K, committed 140288K, reserved 1179648K
  class space    used 17705K, committed 18944K, reserved 1048576K
}
Event: 851.913 GC heap after
{Heap after GC invocations=67 (full 0):
 garbage-first heap   total 331776K, used 225056K [0x0000000080000000, 0x0000000100000000)
  region size 1024K, 9 young (9216K), 9 survivors (9216K)
 Metaspace       used 137838K, committed 140288K, reserved 1179648K
  class space    used 17705K, committed 18944K, reserved 1048576K
}
Event: 853.136 GC heap before
{Heap before GC invocations=67 (full 0):
 garbage-first heap   total 331776K, used 295712K [0x0000000080000000, 0x0000000100000000)
  region size 1024K, 79 young (80896K), 9 survivors (9216K)
 Metaspace       used 140458K, committed 142976K, reserved 1179648K
  class space    used 17980K, committed 19264K, reserved 1048576K
}
Event: 853.148 GC heap after
{Heap after GC invocations=68 (full 0):
 garbage-first heap   total 331776K, used 226701K [0x0000000080000000, 0x0000000100000000)
  region size 1024K, 4 young (4096K), 4 survivors (4096K)
 Metaspace       used 140458K, committed 142976K, reserved 1179648K
  class space    used 17980K, committed 19264K, reserved 1048576K
}
Event: 854.110 GC heap before
{Heap before GC invocations=69 (full 0):
 garbage-first heap   total 378880K, used 299405K [0x0000000080000000, 0x0000000100000000)
  region size 1024K, 76 young (77824K), 4 survivors (4096K)
 Metaspace       used 141942K, committed 144384K, reserved 1179648K
  class space    used 18153K, committed 19392K, reserved 1048576K
}
Event: 854.123 GC heap after
{Heap after GC invocations=70 (full 0):
 garbage-first heap   total 378880K, used 234188K [0x0000000080000000, 0x0000000100000000)
  region size 1024K, 10 young (10240K), 10 survivors (10240K)
 Metaspace       used 141942K, committed 144384K, reserved 1179648K
  class space    used 18153K, committed 19392K, reserved 1048576K
}
Event: 856.228 GC heap before
{Heap before GC invocations=70 (full 0):
 garbage-first heap   total 378880K, used 341708K [0x0000000080000000, 0x0000000100000000)
  region size 1024K, 116 young (118784K), 10 survivors (10240K)
 Metaspace       used 144336K, committed 146880K, reserved 1179648K
  class space    used 18444K, committed 19776K, reserved 1048576K
}
Event: 856.250 GC heap after
{Heap after GC invocations=71 (full 0):
 garbage-first heap   total 378880K, used 226495K [0x0000000080000000, 0x0000000100000000)
  region size 1024K, 9 young (9216K), 9 survivors (9216K)
 Metaspace       used 144336K, committed 146880K, reserved 1179648K
  class space    used 18444K, committed 19776K, reserved 1048576K
}
Event: 857.747 GC heap before
{Heap before GC invocations=71 (full 0):
 garbage-first heap   total 378880K, used 310463K [0x0000000080000000, 0x0000000100000000)
  region size 1024K, 93 young (95232K), 9 survivors (9216K)
 Metaspace       used 145208K, committed 147776K, reserved 1179648K
  class space    used 18542K, committed 19840K, reserved 1048576K
}
Event: 857.760 GC heap after
{Heap after GC invocations=72 (full 0):
 garbage-first heap   total 378880K, used 232166K [0x0000000080000000, 0x0000000100000000)
  region size 1024K, 14 young (14336K), 14 survivors (14336K)
 Metaspace       used 145208K, committed 147776K, reserved 1179648K
  class space    used 18542K, committed 19840K, reserved 1048576K
}
Event: 859.685 GC heap before
{Heap before GC invocations=73 (full 0):
 garbage-first heap   total 393216K, used 378598K [0x0000000080000000, 0x0000000100000000)
  region size 1024K, 123 young (125952K), 14 survivors (14336K)
 Metaspace       used 151428K, committed 153920K, reserved 1245184K
  class space    used 19368K, committed 20672K, reserved 1048576K
}
Event: 859.700 GC heap after
{Heap after GC invocations=74 (full 0):
 garbage-first heap   total 400384K, used 253121K [0x0000000080000000, 0x0000000100000000)
  region size 1024K, 15 young (15360K), 15 survivors (15360K)
 Metaspace       used 151428K, committed 153920K, reserved 1245184K
  class space    used 19368K, committed 20672K, reserved 1048576K
}
Event: 861.698 GC heap before
{Heap before GC invocations=74 (full 0):
 garbage-first heap   total 400384K, used 363713K [0x0000000080000000, 0x0000000100000000)
  region size 1024K, 122 young (124928K), 15 survivors (15360K)
 Metaspace       used 154262K, committed 156864K, reserved 1245184K
  class space    used 19925K, committed 21248K, reserved 1048576K
}

Dll operation events (3 events):
Event: 0.011 Loaded shared library C:\Program Files\Android\Android Studio\jbr\bin\java.dll
Event: 0.020 Loaded shared library C:\Program Files\Android\Android Studio\jbr\bin\zip.dll
Event: 0.893 Loaded shared library C:\Program Files\Android\Android Studio\jbr\bin\verify.dll

Deoptimization events (20 events):
Event: 861.306 Thread 0x00000208b08949f0 Uncommon trap: trap_request=0xffffff45 fr.pc=0x00000208940106c0 relative=0x00000000000000e0
Event: 861.306 Thread 0x00000208b08949f0 Uncommon trap: reason=unstable_if action=reinterpret pc=0x00000208940106c0 method=com.android.tools.r8.graph.y2.c(Ljava/lang/Object;)Z @ 37 c2
Event: 861.306 Thread 0x00000208b08949f0 DEOPT PACKING pc=0x00000208940106c0 sp=0x0000006f246fec70
Event: 861.307 Thread 0x00000208b08949f0 DEOPT UNPACKING pc=0x0000020893747da2 sp=0x0000006f246fec00 mode 2
Event: 861.414 Thread 0x00000208b0893cd0 Uncommon trap: trap_request=0xffffff45 fr.pc=0x0000020894378ca8 relative=0x0000000000000c08
Event: 861.414 Thread 0x00000208b0893cd0 Uncommon trap: reason=unstable_if action=reinterpret pc=0x0000020894378ca8 method=com.android.tools.r8.dex.C.a(ILjava/util/function/Supplier;)Ljava/lang/Object; @ 1 c2
Event: 861.414 Thread 0x00000208b0893cd0 DEOPT PACKING pc=0x0000020894378ca8 sp=0x0000006f24afeff0
Event: 861.414 Thread 0x00000208b0893cd0 DEOPT UNPACKING pc=0x0000020893747da2 sp=0x0000006f24afefe8 mode 2
Event: 861.416 Thread 0x00000208b0891570 Uncommon trap: trap_request=0xffffff45 fr.pc=0x00000208940f5760 relative=0x00000000000003a0
Event: 861.416 Thread 0x00000208b0891570 Uncommon trap: reason=unstable_if action=reinterpret pc=0x00000208940f5760 method=java.util.concurrent.ConcurrentLinkedQueue.offer(Ljava/lang/Object;)Z @ 42 c2
Event: 861.416 Thread 0x00000208b0891570 DEOPT PACKING pc=0x00000208940f5760 sp=0x0000006f247fe8a0
Event: 861.416 Thread 0x00000208b0891570 DEOPT UNPACKING pc=0x0000020893747da2 sp=0x0000006f247fe7e8 mode 2
Event: 861.463 Thread 0x00000208b0891570 Uncommon trap: trap_request=0xffffff45 fr.pc=0x0000020894027c60 relative=0x00000000000003a0
Event: 861.463 Thread 0x00000208b0891570 Uncommon trap: reason=unstable_if action=reinterpret pc=0x0000020894027c60 method=java.util.concurrent.ConcurrentLinkedQueue.offer(Ljava/lang/Object;)Z @ 42 c2
Event: 861.463 Thread 0x00000208b0891570 DEOPT PACKING pc=0x0000020894027c60 sp=0x0000006f247fe870
Event: 861.463 Thread 0x00000208b0891570 DEOPT UNPACKING pc=0x0000020893747da2 sp=0x0000006f247fe810 mode 2
Event: 861.489 Thread 0x00000208b0893640 DEOPT PACKING pc=0x000002088c4d6f14 sp=0x0000006f208fe710
Event: 861.489 Thread 0x00000208b0893640 DEOPT UNPACKING pc=0x00000208937488e2 sp=0x0000006f208fdc08 mode 0
Event: 861.490 Thread 0x00000208b0891c00 DEOPT PACKING pc=0x000002088c4d6f14 sp=0x0000006f248fe910
Event: 861.490 Thread 0x00000208b0891c00 DEOPT UNPACKING pc=0x00000208937488e2 sp=0x0000006f248fde08 mode 0

Classes loaded (20 events):
Event: 858.771 Loading class java/util/Collections$UnmodifiableSortedMap
Event: 858.776 Loading class java/util/Collections$UnmodifiableSortedMap done
Event: 859.409 Loading class java/nio/BufferUnderflowException
Event: 859.410 Loading class java/nio/BufferUnderflowException done
Event: 860.725 Loading class java/util/concurrent/ForkJoinTask$AdaptedInterruptibleCallable
Event: 860.725 Loading class java/util/concurrent/ForkJoinTask$InterruptibleTask
Event: 860.731 Loading class java/util/concurrent/ForkJoinTask$InterruptibleTask done
Event: 860.731 Loading class java/util/concurrent/ForkJoinTask$AdaptedInterruptibleCallable done
Event: 860.734 Loading class java/util/concurrent/CountedCompleter
Event: 860.735 Loading class java/util/concurrent/CountedCompleter done
Event: 860.984 Loading class java/util/AbstractList$RandomAccessSubList
Event: 860.992 Loading class java/util/AbstractList$SubList
Event: 860.994 Loading class java/util/AbstractList$SubList done
Event: 860.994 Loading class java/util/AbstractList$RandomAccessSubList done
Event: 860.995 Loading class java/util/AbstractList$SubList$1
Event: 860.996 Loading class java/util/AbstractList$SubList$1 done
Event: 861.283 Loading class java/nio/ShortBuffer
Event: 861.284 Loading class java/nio/ShortBuffer done
Event: 861.285 Loading class java/nio/HeapShortBuffer
Event: 861.285 Loading class java/nio/HeapShortBuffer done

Classes unloaded (0 events):
No events

Classes redefined (0 events):
No events

Internal exceptions (20 events):
Event: 858.365 Thread 0x00000208b31461e0 Implicit null exception at 0x0000020893f8bb78 to 0x0000020893f8bbec
Event: 858.365 Thread 0x00000208b31461e0 Implicit null exception at 0x00000208948d173e to 0x00000208948d1755
Event: 858.493 Thread 0x00000208b09e5520 Implicit null exception at 0x0000020893f47866 to 0x0000020893f478f0
Event: 858.498 Thread 0x00000208b09e5520 Implicit null exception at 0x000002089410cd8c to 0x000002089410f834
Event: 858.617 Thread 0x00000208b09e5520 Exception <a 'sun/nio/fs/WindowsException'{0x0000000094162ca0}> (0x0000000094162ca0) 
thrown [s\src\hotspot\share\prims\jni.cpp, line 535]
Event: 858.625 Thread 0x00000208b09e5520 Exception <a 'sun/nio/fs/WindowsException'{0x0000000094177b20}> (0x0000000094177b20) 
thrown [s\src\hotspot\share\prims\jni.cpp, line 535]
Event: 858.625 Thread 0x00000208b09e5520 Exception <a 'sun/nio/fs/WindowsException'{0x0000000094178a38}> (0x0000000094178a38) 
thrown [s\src\hotspot\share\prims\jni.cpp, line 535]
Event: 858.625 Thread 0x00000208b09e5520 Exception <a 'sun/nio/fs/WindowsException'{0x0000000094178bf0}> (0x0000000094178bf0) 
thrown [s\src\hotspot\share\prims\jni.cpp, line 535]
Event: 858.625 Thread 0x00000208b09e5520 Exception <a 'sun/nio/fs/WindowsException'{0x0000000094179d38}> (0x0000000094179d38) 
thrown [s\src\hotspot\share\prims\jni.cpp, line 535]
Event: 858.638 Thread 0x00000208b09e5520 Exception <a 'sun/nio/fs/WindowsException'{0x000000009418af18}> (0x000000009418af18) 
thrown [s\src\hotspot\share\prims\jni.cpp, line 535]
Event: 858.645 Thread 0x00000208b09e5520 Exception <a 'sun/nio/fs/WindowsException'{0x0000000093f752b0}> (0x0000000093f752b0) 
thrown [s\src\hotspot\share\prims\jni.cpp, line 535]
Event: 858.645 Thread 0x00000208b09e5520 Exception <a 'sun/nio/fs/WindowsException'{0x0000000093f76200}> (0x0000000093f76200) 
thrown [s\src\hotspot\share\prims\jni.cpp, line 535]
Event: 858.645 Thread 0x00000208b09e5520 Exception <a 'sun/nio/fs/WindowsException'{0x0000000093f763f0}> (0x0000000093f763f0) 
thrown [s\src\hotspot\share\prims\jni.cpp, line 535]
Event: 858.717 Thread 0x00000208b09e5520 Exception <a 'sun/nio/fs/WindowsException'{0x0000000093b9b020}> (0x0000000093b9b020) 
thrown [s\src\hotspot\share\prims\jni.cpp, line 535]
Event: 859.476 Thread 0x00000208b3146870 Exception <a 'java/lang/NoSuchMethodError'{0x0000000091904738}: 'java.lang.Object java.lang.invoke.DirectMethodHandle$Holder.invokeStaticInit(java.lang.Object, java.lang.Object, java.lang.Object, java.lang.Object, java.lang.Object, java.lang.Object, java.lang.Object, java.lang.Object, java.lang.Object, java.lang.Object, java.lang.Object, java.lang.Object, java.lang.Object, java.lang.Object, java.lang.Object, java.lang.Object, java.lang.Object, java.lang.Object, java.lang.Object, java.lang.Object, int, java
Event: 860.751 Thread 0x00000208b0892fb0 Exception <a 'java/lang/IncompatibleClassChangeError'{0x0000000094a13848}: Found class java.lang.Object, but interface was expected> (0x0000000094a13848) 
thrown [s\src\hotspot\share\interpreter\linkResolver.cpp, line 851]
Event: 860.996 Thread 0x00000208b0892290 Exception <a 'java/lang/IncompatibleClassChangeError'{0x0000000094787d38}: Found class java.lang.Object, but interface was expected> (0x0000000094787d38) 
thrown [s\src\hotspot\share\interpreter\linkResolver.cpp, line 851]
Event: 860.996 Thread 0x00000208b0892290 Exception <a 'java/lang/IncompatibleClassChangeError'{0x000000009478b528}: Found class java.lang.Object, but interface was expected> (0x000000009478b528) 
thrown [s\src\hotspot\share\interpreter\linkResolver.cpp, line 851]
Event: 861.025 Thread 0x00000208b0891570 Exception <a 'java/lang/NoSuchMethodError'{0x00000000947dc9d0}: 'long java.lang.invoke.DirectMethodHandle$Holder.invokeStatic(java.lang.Object, java.lang.Object, java.lang.Object)'> (0x00000000947dc9d0) 
thrown [s\src\hotspot\share\interpreter\linkResolver.cpp, line 784]
Event: 861.027 Thread 0x00000208b0892fb0 Exception <a 'java/lang/NoSuchMethodError'{0x00000000948abf10}: 'long java.lang.invoke.DirectMethodHandle$Holder.invokeStatic(java.lang.Object, java.lang.Object, java.lang.Object)'> (0x00000000948abf10) 
thrown [s\src\hotspot\share\interpreter\linkResolver.cpp, line 784]

ZGC Phase Switch (0 events):
No events

VM Operations (20 events):
Event: 858.288 Executing VM operation: HandshakeAllThreads (Deoptimize) done
Event: 858.356 Executing VM operation: HandshakeAllThreads (Deoptimize)
Event: 858.363 Executing VM operation: HandshakeAllThreads (Deoptimize) done
Event: 858.524 Executing VM operation: HandshakeAllThreads (Deoptimize)
Event: 858.551 Executing VM operation: HandshakeAllThreads (Deoptimize) done
Event: 858.599 Executing VM operation: HandshakeAllThreads (Deoptimize)
Event: 858.613 Executing VM operation: HandshakeAllThreads (Deoptimize) done
Event: 858.967 Executing VM operation: ICBufferFull
Event: 858.967 Executing VM operation: ICBufferFull done
Event: 859.685 Executing VM operation: G1CollectForAllocation (G1 Evacuation Pause)
Event: 859.700 Executing VM operation: G1CollectForAllocation (G1 Evacuation Pause) done
Event: 860.706 Executing VM operation: Cleanup
Event: 860.707 Executing VM operation: Cleanup done
Event: 861.353 Executing VM operation: HandshakeAllThreads (Deoptimize)
Event: 861.354 Executing VM operation: HandshakeAllThreads (Deoptimize) done
Event: 861.473 Executing VM operation: HandshakeAllThreads (Deoptimize)
Event: 861.489 Executing VM operation: HandshakeAllThreads (Deoptimize) done
Event: 861.637 Executing VM operation: HandshakeAllThreads (Deoptimize)
Event: 861.638 Executing VM operation: HandshakeAllThreads (Deoptimize) done
Event: 861.698 Executing VM operation: G1CollectForAllocation (G1 Evacuation Pause)

Memory protections (0 events):
No events

Nmethod flushes (20 events):
Event: 857.992 Thread 0x00000208a0f0b610 flushing  nmethod 0x000002088de57d10
Event: 857.992 Thread 0x00000208a0f0b610 flushing  nmethod 0x000002088de59390
Event: 857.992 Thread 0x00000208a0f0b610 flushing  nmethod 0x000002088de5a110
Event: 857.992 Thread 0x00000208a0f0b610 flushing  nmethod 0x000002088de5a790
Event: 857.992 Thread 0x00000208a0f0b610 flushing  nmethod 0x000002088de5c290
Event: 857.992 Thread 0x00000208a0f0b610 flushing  nmethod 0x000002088de84c90
Event: 857.992 Thread 0x00000208a0f0b610 flushing  nmethod 0x000002088de85490
Event: 857.992 Thread 0x00000208a0f0b610 flushing  nmethod 0x000002088de85e10
Event: 857.992 Thread 0x00000208a0f0b610 flushing  nmethod 0x000002088de86b10
Event: 857.992 Thread 0x00000208a0f0b610 flushing  nmethod 0x000002088de87c90
Event: 857.992 Thread 0x00000208a0f0b610 flushing  nmethod 0x000002088de88d90
Event: 857.992 Thread 0x00000208a0f0b610 flushing  nmethod 0x000002088de8b290
Event: 857.992 Thread 0x00000208a0f0b610 flushing  nmethod 0x000002088de8c510
Event: 857.992 Thread 0x00000208a0f0b610 flushing  nmethod 0x000002088de8cd10
Event: 857.992 Thread 0x00000208a0f0b610 flushing  nmethod 0x000002088de8ec10
Event: 857.992 Thread 0x00000208a0f0b610 flushing  nmethod 0x000002088de8fc10
Event: 857.992 Thread 0x00000208a0f0b610 flushing  nmethod 0x000002088df0f490
Event: 857.992 Thread 0x00000208a0f0b610 flushing  nmethod 0x000002088df13d10
Event: 857.992 Thread 0x00000208a0f0b610 flushing  nmethod 0x000002088df16d90
Event: 857.992 Thread 0x00000208a0f0b610 flushing  nmethod 0x000002088df18b90

Events (20 events):
Event: 856.602 Thread 0x00000208aa2fb640 Thread added: 0x00000208b314cae0
Event: 856.602 Thread 0x00000208aa2fb640 Thread added: 0x00000208b314b730
Event: 856.603 Thread 0x00000208aa2fb640 Thread added: 0x00000208b314c450
Event: 857.483 Thread 0x00000208b3143a80 Thread added: 0x00000208b314de90
Event: 857.577 Thread 0x00000208b3143a80 Thread added: 0x00000208b314e520
Event: 857.577 Thread 0x00000208b3143a80 Thread added: 0x00000208b314ebb0
Event: 857.664 Thread 0x00000208b09e5520 Thread added: 0x00000208aa2ebf70
Event: 859.173 Thread 0x00000208a7314b80 Thread exited: 0x00000208a7314b80
Event: 859.492 Thread 0x00000208a10d6f70 Thread added: 0x00000208b0e9e950
Event: 859.673 Thread 0x00000208b313f8e0 Thread exited: 0x00000208b313f8e0
Event: 860.664 Thread 0x00000208b0e9e950 Thread exited: 0x00000208b0e9e950
Event: 860.734 Thread 0x00000208b3146870 Thread added: 0x00000208b0892fb0
Event: 860.737 Thread 0x00000208b0892fb0 Thread added: 0x00000208b0893640
Event: 860.742 Thread 0x00000208b0893640 Thread added: 0x00000208b08949f0
Event: 860.750 Thread 0x00000208b08949f0 Thread added: 0x00000208b0891570
Event: 860.752 Thread 0x00000208b0891570 Thread added: 0x00000208b0891c00
Event: 860.759 Thread 0x00000208b0891c00 Thread added: 0x00000208b0892290
Event: 860.768 Thread 0x00000208b0892290 Thread added: 0x00000208b0893cd0
Event: 860.773 Thread 0x00000208b0893cd0 Thread added: 0x00000208b088fb30
Event: 860.955 Thread 0x00000208a10d6f70 Thread added: 0x00000208a7313710


Dynamic libraries:
0x00007ff60c840000 - 0x00007ff60c84a000 	C:\Program Files\Android\Android Studio\jbr\bin\java.exe
0x00007ff82a310000 - 0x00007ff82a527000 	C:\WINDOWS\SYSTEM32\ntdll.dll
0x00007ff829770000 - 0x00007ff829834000 	C:\WINDOWS\System32\KERNEL32.DLL
0x00007ff827c00000 - 0x00007ff827fd1000 	C:\WINDOWS\System32\KERNELBASE.dll
0x00007ff8276f0000 - 0x00007ff827801000 	C:\WINDOWS\System32\ucrtbase.dll
0x00007ff8005d0000 - 0x00007ff8005eb000 	C:\Program Files\Android\Android Studio\jbr\bin\VCRUNTIME140.dll
0x00007ff8222d0000 - 0x00007ff8222e8000 	C:\Program Files\Android\Android Studio\jbr\bin\jli.dll
0x00007ff829ff0000 - 0x00007ff82a1a1000 	C:\WINDOWS\System32\USER32.dll
0x00007ff80fd40000 - 0x00007ff80ffd2000 	C:\WINDOWS\WinSxS\amd64_microsoft.windows.common-controls_6595b64144ccf1df_6.0.22621.4830_none_270fe7d773858e80\COMCTL32.dll
0x00007ff827fe0000 - 0x00007ff828087000 	C:\WINDOWS\System32\msvcrt.dll
0x00007ff827810000 - 0x00007ff827836000 	C:\WINDOWS\System32\win32u.dll
0x00007ff829740000 - 0x00007ff829769000 	C:\WINDOWS\System32\GDI32.dll
0x00007ff827840000 - 0x00007ff82795b000 	C:\WINDOWS\System32\gdi32full.dll
0x00007ff827650000 - 0x00007ff8276ea000 	C:\WINDOWS\System32\msvcp_win.dll
0x00007ff829840000 - 0x00007ff829871000 	C:\WINDOWS\System32\IMM32.DLL
0x00007ff8005c0000 - 0x00007ff8005cc000 	C:\Program Files\Android\Android Studio\jbr\bin\vcruntime140_1.dll
0x00007ff80fb00000 - 0x00007ff80fb8d000 	C:\Program Files\Android\Android Studio\jbr\bin\msvcp140.dll
0x00007fff95910000 - 0x00007fff96593000 	C:\Program Files\Android\Android Studio\jbr\bin\server\jvm.dll
0x00007ff8280a0000 - 0x00007ff828151000 	C:\WINDOWS\System32\ADVAPI32.dll
0x00007ff829e20000 - 0x00007ff829ec7000 	C:\WINDOWS\System32\sechost.dll
0x00007ff827960000 - 0x00007ff827988000 	C:\WINDOWS\System32\bcrypt.dll
0x00007ff82a1b0000 - 0x00007ff82a2c4000 	C:\WINDOWS\System32\RPCRT4.dll
0x00007ff828e30000 - 0x00007ff828ea1000 	C:\WINDOWS\System32\WS2_32.dll
0x00007ff8262c0000 - 0x00007ff82630d000 	C:\WINDOWS\SYSTEM32\POWRPROF.dll
0x00007ff821d90000 - 0x00007ff821d9a000 	C:\WINDOWS\SYSTEM32\VERSION.dll
0x00007ff821fc0000 - 0x00007ff821ff4000 	C:\WINDOWS\SYSTEM32\WINMM.dll
0x00007ff8262a0000 - 0x00007ff8262b3000 	C:\WINDOWS\SYSTEM32\UMPDC.dll
0x00007ff826550000 - 0x00007ff826568000 	C:\WINDOWS\SYSTEM32\kernel.appcore.dll
0x00007ff8005b0000 - 0x00007ff8005ba000 	C:\Program Files\Android\Android Studio\jbr\bin\jimage.dll
0x00007ff824d40000 - 0x00007ff824f72000 	C:\WINDOWS\SYSTEM32\DBGHELP.DLL
0x00007ff829880000 - 0x00007ff829c10000 	C:\WINDOWS\System32\combase.dll
0x00007ff828b40000 - 0x00007ff828c17000 	C:\WINDOWS\System32\OLEAUT32.dll
0x00007ff808ac0000 - 0x00007ff808af2000 	C:\WINDOWS\SYSTEM32\dbgcore.DLL
0x00007ff827b00000 - 0x00007ff827b7b000 	C:\WINDOWS\System32\bcryptPrimitives.dll
0x00007ff81f520000 - 0x00007ff81f52e000 	C:\Program Files\Android\Android Studio\jbr\bin\instrument.dll
0x00007fff9c2d0000 - 0x00007fff9c2f0000 	C:\Program Files\Android\Android Studio\jbr\bin\java.dll
0x00007fff9c2b0000 - 0x00007fff9c2c8000 	C:\Program Files\Android\Android Studio\jbr\bin\zip.dll
0x00007ff828eb0000 - 0x00007ff829738000 	C:\WINDOWS\System32\SHELL32.dll
0x00007ff827450000 - 0x00007ff82758f000 	C:\WINDOWS\System32\wintypes.dll
0x00007ff825360000 - 0x00007ff825c6d000 	C:\WINDOWS\SYSTEM32\windows.storage.dll
0x00007ff8288b0000 - 0x00007ff8289ba000 	C:\WINDOWS\System32\SHCORE.dll
0x00007ff828190000 - 0x00007ff8281ee000 	C:\WINDOWS\System32\shlwapi.dll
0x00007ff827380000 - 0x00007ff8273ab000 	C:\WINDOWS\SYSTEM32\profapi.dll
0x00007ff8005a0000 - 0x00007ff8005b0000 	C:\Program Files\Android\Android Studio\jbr\bin\net.dll
0x00007ff821da0000 - 0x00007ff821ecc000 	C:\WINDOWS\SYSTEM32\WINHTTP.dll
0x00007ff8269c0000 - 0x00007ff826a2a000 	C:\WINDOWS\system32\mswsock.dll
0x00007fff9c290000 - 0x00007fff9c2a6000 	C:\Program Files\Android\Android Studio\jbr\bin\nio.dll
0x00007ffff1bb0000 - 0x00007ffff1bc0000 	C:\Program Files\Android\Android Studio\jbr\bin\verify.dll
0x00007ff80fcc0000 - 0x00007ff80fce7000 	C:\Users\Hilzam\.gradle\native\c067742578af261105cb4f569cf0c3c89f3d7b1fecec35dd04571415982c5e48\windows-amd64\native-platform.dll
0x00007ff80f9b0000 - 0x00007ff80faf4000 	C:\Users\Hilzam\.gradle\native\100fb08df4bc3b14c8652ba06237920a3bd2aa13389f12d3474272988ae205f9\windows-amd64\native-platform-file-events.dll
0x00007ffff51b0000 - 0x00007ffff51b9000 	C:\Program Files\Android\Android Studio\jbr\bin\management.dll
0x00007ffff5130000 - 0x00007ffff513b000 	C:\Program Files\Android\Android Studio\jbr\bin\management_ext.dll
0x00007ff828180000 - 0x00007ff828188000 	C:\WINDOWS\System32\PSAPI.DLL
0x00007ff826c40000 - 0x00007ff826c5b000 	C:\WINDOWS\SYSTEM32\CRYPTSP.dll
0x00007ff8264b0000 - 0x00007ff8264e7000 	C:\WINDOWS\system32\rsaenh.dll
0x00007ff826a90000 - 0x00007ff826ab8000 	C:\WINDOWS\SYSTEM32\USERENV.dll
0x00007ff826c30000 - 0x00007ff826c3c000 	C:\WINDOWS\SYSTEM32\CRYPTBASE.dll
0x00007ff825ed0000 - 0x00007ff825efd000 	C:\WINDOWS\SYSTEM32\IPHLPAPI.DLL
0x00007ff828090000 - 0x00007ff828099000 	C:\WINDOWS\System32\NSI.dll
0x00007ffff6af0000 - 0x00007ffff6af9000 	C:\Program Files\Android\Android Studio\jbr\bin\extnet.dll
0x00007ffffbda0000 - 0x00007ffffbda8000 	C:\WINDOWS\system32\wshunix.dll
0x00007ff826670000 - 0x00007ff8266a4000 	C:\WINDOWS\SYSTEM32\ntmarta.dll

dbghelp: loaded successfully - version: 4.0.5 - missing functions: none
symbol engine: initialized successfully - sym options: 0x614 - pdb path: .;C:\Program Files\Android\Android Studio\jbr\bin;C:\WINDOWS\SYSTEM32;C:\WINDOWS\WinSxS\amd64_microsoft.windows.common-controls_6595b64144ccf1df_6.0.22621.4830_none_270fe7d773858e80;C:\Program Files\Android\Android Studio\jbr\bin\server;C:\Users\Hilzam\.gradle\native\c067742578af261105cb4f569cf0c3c89f3d7b1fecec35dd04571415982c5e48\windows-amd64;C:\Users\Hilzam\.gradle\native\100fb08df4bc3b14c8652ba06237920a3bd2aa13389f12d3474272988ae205f9\windows-amd64

VM Arguments:
jvm_args: --add-opens=java.base/java.util=ALL-UNNAMED --add-opens=java.base/java.lang=ALL-UNNAMED --add-opens=java.base/java.lang.invoke=ALL-UNNAMED --add-opens=java.prefs/java.util.prefs=ALL-UNNAMED --add-exports=jdk.compiler/com.sun.tools.javac.api=ALL-UNNAMED --add-exports=jdk.compiler/com.sun.tools.javac.util=ALL-UNNAMED --add-opens=java.base/java.nio.charset=ALL-UNNAMED --add-opens=java.base/java.net=ALL-UNNAMED --add-opens=java.base/java.util.concurrent.atomic=ALL-UNNAMED -Xmx2048m -Dfile.encoding=UTF-8 -Duser.country=US -Duser.language=en -Duser.variant -javaagent:C:\Users\Hilzam\.gradle\wrapper\dists\gradle-8.10.2-bin\a04bxjujx95o3nb99gddekhwo\gradle-8.10.2\lib\agents\gradle-instrumentation-agent-8.10.2.jar 
java_command: org.gradle.launcher.daemon.bootstrap.GradleDaemon 8.10.2
java_class_path (initial): C:\Users\Hilzam\.gradle\wrapper\dists\gradle-8.10.2-bin\a04bxjujx95o3nb99gddekhwo\gradle-8.10.2\lib\gradle-daemon-main-8.10.2.jar
Launcher Type: SUN_STANDARD

[Global flags]
     intx CICompilerCount                          = 4                                         {product} {ergonomic}
     uint ConcGCThreads                            = 2                                         {product} {ergonomic}
     uint G1ConcRefinementThreads                  = 8                                         {product} {ergonomic}
   size_t G1HeapRegionSize                         = 1048576                                   {product} {ergonomic}
    uintx GCDrainStackTargetSize                   = 64                                        {product} {ergonomic}
   size_t InitialHeapSize                          = 130023424                                 {product} {ergonomic}
   size_t MarkStackSize                            = 4194304                                   {product} {ergonomic}
   size_t MaxHeapSize                              = 2147483648                                {product} {command line}
   size_t MaxNewSize                               = 1287651328                                {product} {ergonomic}
   size_t MinHeapDeltaBytes                        = 1048576                                   {product} {ergonomic}
   size_t MinHeapSize                              = 8388608                                   {product} {ergonomic}
    uintx NonNMethodCodeHeapSize                   = 5839372                                {pd product} {ergonomic}
    uintx NonProfiledCodeHeapSize                  = 122909434                              {pd product} {ergonomic}
     bool PerfDisableSharedMem                     = true                                      {product} {ergonomic}
    uintx ProfiledCodeHeapSize                     = 122909434                              {pd product} {ergonomic}
    uintx ReservedCodeCacheSize                    = 251658240                              {pd product} {ergonomic}
     bool SegmentedCodeCache                       = true                                      {product} {ergonomic}
   size_t SoftMaxHeapSize                          = 2147483648                             {manageable} {ergonomic}
     bool UseCompressedOops                        = true                           {product lp64_product} {ergonomic}
     bool UseG1GC                                  = true                                      {product} {ergonomic}
     bool UseLargePagesIndividualAllocation        = false                                  {pd product} {ergonomic}

Logging:
Log output configuration:
 #0: stdout all=warning uptime,level,tags foldmultilines=false
 #1: stderr all=off uptime,level,tags foldmultilines=false

Environment Variables:
PATH=C:\Program Files\Common Files\Oracle\Java\javapath;C:\Windows\system32;C:\Windows;C:\Windows\System32\Wbem;C:\Windows\System32\WindowsPowerShell\v1.0\;C:\Windows\System32\OpenSSH\;C:\Program Files (x86)\NVIDIA Corporation\PhysX\Common;C:\WINDOWS\system32;C:\WINDOWS;C:\WINDOWS\System32\Wbem;C:\WINDOWS\System32\WindowsPowerShell\v1.0\;C:\WINDOWS\System32\OpenSSH\;C:\Program Files\Git\cmd;C:\Program Files\PuTTY\;C:\ProgramData\chocolatey\bin;C:\Users\Hilzam\AppData\Roaming\nvm;C:\Program Files\nodejs;C:\Program Files (x86)\IBM\SPSS\Statistics\22\JRE\bin;C:\Program Files\dotnet\;C:\MinGW\bin;D:\laragon\bin\nodejs\node-v22.7.0-win-x64;D:\laragon\bin\nodejs\node-v22.7.0-win-x64\node_modules\npm\bin;D:\laragon\bin\php\php-8.3.10-nts-Win32-vs16-x64;C:\ProgramData\ComposerSetup\bin;D:\laragon\bin\composer;C:\Users\Hilzam\AppData\Local\Programs\Python\Python311\Scripts\;C:\Users\Hilzam\AppData\Local\Programs\Python\Python311\;C:\Users\Hilzam\AppData\Local\Microsoft\WindowsApps;C:\Users\Hilzam\AppData\Roaming\Composer\vendor\bin;C:\MinGW\bin;C:\Users\Hilzam\AppData\Local\GitHubDesktop\bin;C:\Users\Hilzam\AppData\Roaming\nvm;C:\Program Files\nodejs;C:\Program Files\JetBrains\PyCharm 2023.2.5\bin;;C:\Users\Hilzam\AppData\Local\Programs\Microsoft VS Code\bin;C:\Users\Hilzam\AppData\Local\spicetify
USERNAME=Hilzam
OS=Windows_NT
PROCESSOR_IDENTIFIER=Intel64 Family 6 Model 126 Stepping 5, GenuineIntel
TMP=C:\Users\Hilzam\AppData\Local\Temp
TEMP=C:\Users\Hilzam\AppData\Local\Temp




Periodic native trim disabled

JNI global refs:
JNI global refs: 30, weak refs: 52

JNI global refs memory usage: 835, weak refs: 833

Process memory usage:
Resident Set Size: 561592K (6% of 8120632K total physical memory with 490172K free physical memory)

OOME stack traces (most recent first):
Classloader memory used:
Loader org.gradle.internal.classloader.VisitableURLClassLoader$InstrumentingVisitableURLClassLoader: 52568K
Loader org.gradle.internal.classloader.VisitableURLClassLoader                         : 44679K
Loader bootstrap                                                                       : 31750K
Loader org.gradle.initialization.MixInLegacyTypesClassLoader                           : 14561K
Loader org.gradle.internal.classloader.VisitableURLClassLoader                         : 8748K
Loader jdk.internal.reflect.DelegatingClassLoader                                      : 986K
Loader jdk.internal.loader.ClassLoaders$PlatformClassLoader                            : 517K
Loader jdk.internal.loader.ClassLoaders$AppClassLoader                                 : 234K
Loader org.gradle.groovy.scripts.internal.DefaultScriptCompilationHandler$ScriptClassLoader: 157K
Loader org.codehaus.groovy.runtime.callsite.CallSiteClassLoader                        : 56376B
Loader sun.reflect.misc.MethodUtil                                                     : 2952B


[error occurred during error reporting (Classloader stats), id 0xe0000001, Out of Memory Error (s\src\hotspot\share\memory\arena.cpp:168)]
---------------  S Y S T E M  ---------------

OS:
 Windows 11 , 64 bit Build 22621 (10.0.22621.4974)
OS uptime: 0 days 0:55 hours
Hyper-V role detected

CPU: total 8 (initial active 8) (4 cores per cpu, 2 threads per core) family 6 model 126 stepping 5 microcode 0xa0, cx8, cmov, fxsr, ht, mmx, 3dnowpref, sse, sse2, sse3, ssse3, sse4.1, sse4.2, popcnt, lzcnt, tsc, tscinvbit, avx, avx2, aes, erms, clmul, bmi1, bmi2, adx, avx512f, avx512dq, avx512cd, avx512bw, avx512vl, sha, fma, vzeroupper, avx512_vpopcntdq, avx512_vpclmulqdq, avx512_vaes, avx512_vnni, clflush, clflushopt, avx512_vbmi2, avx512_vbmi, hv, rdtscp, rdpid, fsrm, gfni, avx512_bitalg, f16c, avx512_ifma
Processor Information for all 8 processors :
  Max Mhz: 1190, Current Mhz: 991, Mhz Limit: 987

Memory: 4k page, system-wide physical 7930M (467M free)
TotalPageFile size 16126M (AvailPageFile size 0M)
current process WorkingSet (physical memory assigned to process): 552M, peak: 604M
current process commit charge ("private bytes"): 836M, peak: 836M

vm_info: OpenJDK 64-Bit Server VM (21.0.4+-12508038-b607.1) for windows-amd64 JRE (21.0.4+-12508038-b607.1), built on 2024-10-16T17:23:34Z by "builder" with MS VC++ 16.10 / 16.11 (VS2019)

END.
